address,name,fcode_des,category_original,subcategory_original,lat,long
156 Augusta Ave,156 Studio,Commercial Location,ARTS & PERFORMANCE,RECORDING STUDIO,43.65284485,-79.4017018
580 Dundas St W,Amilee African Arts,,ARTS & PERFORMANCE,GALLERY,43.6524884,-79.4005712
62 Nassau St,Asas Do Atlantico Radio Station,Unknown,ARTS & PERFORMANCE,RECORDING STUDIO,43.65540629,-79.40203529
158 Augusta Ave,Boat Restaurant,Commercial Location,ARTS & PERFORMANCE,PERFORMANCE SPACE,43.6529226,-79.40167929
463 Bathurst St,Cineforum,,ARTS & PERFORMANCE,CINEMA,43.6553944,-79.4070848
464 Spadina Ave,El Moccambo,Unknown,ARTS & PERFORMANCE,PERFORMANCE SPACE,43.65757917,-79.40020354
165 Augusta Ave,OCAD Ignite Gallery,Mixed Use,ARTS & PERFORMANCE,GALLERY,43.65309907,-79.40111314
275 Augusta Ave,Orbital Arts,Commercial Location,ARTS & PERFORMANCE,GALLERY,43.65589801,-79.402326
160 Baldwin St,Red Pepper Spectacle Arts Inc,Unknown,ARTS & PERFORMANCE,ARTS ORGANIZATION SPACE,43.65513707,-79.40001602
268 Augusta Ave,Supermarket,Other Point of Interest,ARTS & PERFORMANCE,PERFORMANCE SPACE,43.65658156,-79.4032267
594 W Dundas St,Whippersnapper Gallery,,ARTS & PERFORMANCE,GALLERY,,
219 Augusta Ave,Youth Arcade Studio,Unknown,ARTS & PERFORMANCE,FINE ARTS STUDIO,43.65426754,-79.40160855
210 Augusta Ave,4 Life Natural Foods,Unknown,FOODSTUFFS,RAW FOODS & DRY GOODS,43.65466763,-79.40239851
63 Kensington Ave,AJM Kensington Meats,Other Point of Interest,FOODSTUFFS,RAW FOODS & DRY GOODS,43.65430709,-79.40041761
65 Nassau St,Augusta Fruit Market,Unknown,FOODSTUFFS,RAW FOODS & DRY GOODS,43.6551865,-79.40189672
322 Spadina Ave,Banh Mi Nguyen Huong,Other Point of Interest,FOODSTUFFS,BAKERY/PREPARED FOODS,43.65365727,-79.398747
189 Baldwin St,Benjamin Fish Market,Unknown,FOODSTUFFS,RAW FOODS & DRY GOODS,43.65451898,-79.40117931
172 Baldwin St,Blackbird Baking Co,Unknown,FOODSTUFFS,BAKERY/PREPARED FOODS,43.65498191,-79.40063477
209 Augusta Ave,Bonafide,Unknown,FOODSTUFFS,BAKERY/PREPARED FOODS,43.65409649,-79.40152471
71 Kensington Ave,Bubble Tea,Other Point of Interest,FOODSTUFFS,BAKERY/PREPARED FOODS,43.65449315,-79.40040717
244 Augusta Ave,Bunner's,Commercial Location,FOODSTUFFS,BAKERY/PREPARED FOODS,43.65550768,-79.40274199
80 Kensington Ave,C Fruit,,FOODSTUFFS,RAW FOODS & DRY GOODS,43.6536552,-79.4002845
171 Baldwin St,Carribean Corner,Unknown,FOODSTUFFS,RAW FOODS & DRY GOODS,43.65470312,-79.40021217
175 Baldwin St,Carribean Sea Fish Market,Unknown,FOODSTUFFS,RAW FOODS & DRY GOODS,43.65467478,-79.40035133
182 Baldwin St,Cheese Magic,Unknown,FOODSTUFFS,RAW FOODS & DRY GOODS,43.65489235,-79.40103669
558 Dundas St W,Chinese Herbs Hu Chun Tang,,FOODSTUFFS,RAW FOODS & DRY GOODS,43.6529038,-79.3985973
301 College St,City Market Valu-Mart,,FOODSTUFFS,RAW FOODS & DRY GOODS,43.657462,-79.4015575
172 Baldwin St,Cobs Bread,Unknown,FOODSTUFFS,BAKERY/PREPARED FOODS,43.65498191,-79.40063477
198 Baldwin St,Coral Sea Fish Market,Unknown,FOODSTUFFS,RAW FOODS & DRY GOODS,43.65480605,-79.40153588
227 Augusta Ave,El Buen Precio,Unknown,FOODSTUFFS,RAW FOODS & DRY GOODS,43.65441386,-79.4017629
D-56 Kensington Ave,Essence Natural Foods,,FOODSTUFFS,RAW FOODS & DRY GOODS,43.6536552,-79.4002845
48 Kensington Ave,Essence of Life,Unknown,FOODSTUFFS,RAW FOODS & DRY GOODS,43.65395527,-79.4006478
50 Kensington Ave,Essence of Life Organics,Other Point of Interest,FOODSTUFFS,RAW FOODS & DRY GOODS,43.65397723,-79.40075441
161 Baldwin St,Ethiopian Spice Store,Commercial Location,FOODSTUFFS,RAW FOODS & DRY GOODS,43.65473698,-79.39986897
76 Kensington Ave,Global Cheese,Other Point of Interest,FOODSTUFFS,RAW FOODS & DRY GOODS,43.65455414,-79.40092724
187 Baldwin St,Golden Patty,Unknown,FOODSTUFFS,BAKERY/PREPARED FOODS,43.65457087,-79.40111098
200 Baldwin St,Hector Lopes,Unknown,FOODSTUFFS,RAW FOODS & DRY GOODS,43.65467229,-79.40162582
206 Baldwin St,Hooked Kensington,Unknown,FOODSTUFFS,RAW FOODS & DRY GOODS,43.65464589,-79.40176944
189 Baldwin St,Horacio Fish Market Ltd,Unknown,FOODSTUFFS,RAW FOODS & DRY GOODS,43.65451898,-79.40117931
190 Augusta Ave,House of Spice,Commercial Location,FOODSTUFFS,RAW FOODS & DRY GOODS,43.65413804,-79.40207632
A-298 Spadina Ave,K & K Produce Co Ltd,,FOODSTUFFS,RAW FOODS & DRY GOODS,43.6536491,-79.3984188
36 St Andrew St,Kensington Fruit Market,Other Point of Interest,FOODSTUFFS,RAW FOODS & DRY GOODS,43.65427348,-79.40038813
578 Dundas St W,Kensington Poultry,,FOODSTUFFS,RAW FOODS & DRY GOODS,43.6525005,-79.4005143
160 Baldwin St,La Fermenteria,,FOODSTUFFS,BAKERY/PREPARED FOODS,,
243 Augusta Ave,Latin American Emporium,Other Point of Interest,FOODSTUFFS,RAW FOODS & DRY GOODS,43.65485513,-79.40185899
532 Dundas St W,Lee Cue Co,,FOODSTUFFS,RAW FOODS & DRY GOODS,43.6529534,-79.398406
237 Augusta Ave,Lekker Belgian Waffles,Commercial Location,FOODSTUFFS,RAW FOODS & DRY GOODS,43.65469872,-79.40179615
300 Spadina Ave,Lily Fruits Market,Commercial Location,FOODSTUFFS,RAW FOODS & DRY GOODS,43.65320312,-79.39845515
28 St Andrew St,Little Green Planet,Commercial Location,FOODSTUFFS,RAW FOODS & DRY GOODS,43.6542983,-79.40014747
193 1/2 Baldwin St,Merkato Grocery,,FOODSTUFFS,RAW FOODS & DRY GOODS,43.6546415,-79.401361
200 Baldwin St,Mike's Health Foods,Unknown,FOODSTUFFS,RAW FOODS & DRY GOODS,43.65467229,-79.40162582
184 Baldwin St,My Market Bakery,Unknown,FOODSTUFFS,BAKERY/PREPARED FOODS,43.65487915,-79.40111286
310 Spadina Ave,Oriental Harvest,Other Office Building,FOODSTUFFS,RAW FOODS & DRY GOODS,43.65343877,-79.39886095
255 Augusta Ave,Oxford Fruit,Other Point of Interest,FOODSTUFFS,RAW FOODS & DRY GOODS,43.6551719,-79.40207
214 Av Augusta,Pancho's Bakery,,FOODSTUFFS,BAKERY/PREPARED FOODS,43.6547204,-79.4022615
247 Augusta Ave,Perola Supermarket,Other Point of Interest,FOODSTUFFS,RAW FOODS & DRY GOODS,43.65494255,-79.40195999
214 Av Augusta,Poncho's Bakery,,FOODSTUFFS,BAKERY/PREPARED FOODS,43.6547204,-79.4022615
60 Oxford St,Portuguese Bakery,Unknown,FOODSTUFFS,BAKERY/PREPARED FOODS,43.6563357,-79.40259837
202 Baldwin St,Reg Natural Food,Unknown,FOODSTUFFS,RAW FOODS & DRY GOODS,43.65466195,-79.40167443
A-61 Bellevue Ave,Romeo's Sunshine Products,,FOODSTUFFS,RAW FOODS & DRY GOODS,43.6549014,-79.403606
204 Baldwin St,Salamanca Bulk Food,Unknown,FOODSTUFFS,RAW FOODS & DRY GOODS,43.65465242,-79.40172317
176 Baldwin St,Sanagan's Meat Locker,Unknown,FOODSTUFFS,RAW FOODS & DRY GOODS,43.65493802,-79.40083346
206 Baldwin St,Sanagan's Meat Locker,Unknown,FOODSTUFFS,RAW FOODS & DRY GOODS,43.65464589,-79.40176944
66 Kensington Ave,Sanci Tropical Foods,Other Point of Interest,FOODSTUFFS,RAW FOODS & DRY GOODS,43.6544045,-79.40087286
189 Baldwin St,Sea Kings,Unknown,FOODSTUFFS,RAW FOODS & DRY GOODS,43.65451898,-79.40117931
218 Augusta Ave,Segovia Foods,Other Point of Interest,FOODSTUFFS,RAW FOODS & DRY GOODS,43.65478826,-79.40240071
196 Baldwin St,Seven Seas Fish Market,Unknown,FOODSTUFFS,RAW FOODS & DRY GOODS,43.65481686,-79.40148005
173 Baldwin St,Soma i,Unknown,FOODSTUFFS,RAW FOODS & DRY GOODS,43.65470501,-79.40030253
265 Augusta Ave,Sugar and Spice,Mixed use,FOODSTUFFS,RAW FOODS & DRY GOODS,43.65560166,-79.40210659
229 Augusta Ave,Sunwah Fruit Market,Unknown,FOODSTUFFS,RAW FOODS & DRY GOODS,43.65447435,-79.40178569
64 Kensington Ave,Tutti Frutti,Other Point of Interest,FOODSTUFFS,BAKERY/PREPARED FOODS,43.65436947,-79.40076449
287 Augusta Ave,Wanda's Pie in the Sky,Industrial Location,FOODSTUFFS,BAKERY/PREPARED FOODS,43.65628319,-79.40245865
146 Augusta Ave,Augusta Hotel,,LODGING,HOTEL / HOSTEL,43.652533,-79.4013664
280 Augusta Ave,College Backpackers,,LODGING,HOTEL / HOSTEL,43.6568391,-79.4033338
280 Augusta Ave,College Hostel-Toronto,,LODGING,HOTEL / HOSTEL,43.6568391,-79.4033338
91 Bellevue Ave,Corner Drop-in & L L Odette Place,Community/Assembly Hall,LODGING,SHELTER,43.65626872,-79.40384351
370A College St,Kaisar Guest House,,LODGING,HOTEL / HOSTEL,43.6572998,-79.4034527
44 Bellevue Ave,Kensington Market B & B,Unknown,LODGING,SHORT TERM RENTAL,43.65417662,-79.40367122
102 Bellevue Ave,Kensington Suites,,LODGING,HOTEL / HOSTEL,43.6560953,-79.4042335
357 College St,The Planet Traveler Hostel,Commercial Location,LODGING,HOTEL / HOSTEL,43.65704919,-79.40362177
674 Dundas St W,Women's Residence,,LODGING,SHELTER,43.6518512,-79.4036296
201-302 Spadina Ave,Bluestone Denture Clinic,,MEDICAL,DENTAL OFFICES,43.6533451,-79.3986434
570 Dundas St W,Bright Eyes Optical,,MEDICAL,OTHER,43.6525487,-79.4002866
302 Spadina Ave,Chow Kan-Yan Dr,Other Medical/Dental,MEDICAL,MEDICAL OFFICES,43.65335009,-79.39859335
302 Spadina Ave,Cmil Healthcare,Other Medical/Dental,MEDICAL,MEDICAL OFFICES,43.65335009,-79.39859335
263 Augusta Ave,Dentist,Other Point of Interest,MEDICAL,DENTAL OFFICES,43.65552402,-79.40211818
302 Spadina Ave,DPA Medical Diagnostics Inc,Other Medical/Dental,MEDICAL,MEDICAL OFFICES,43.65335009,-79.39859335
330-340 College St,Dr Le Duc,,MEDICAL,MEDICAL OFFICES,43.6572998,-79.4034527
330-340 College St,Duc N Le OD,,MEDICAL,MEDICAL OFFICES,43.6572998,-79.4034527
155 Augusta Ave,Gia Phat Thuc Phan Cong Ty,Mixed Use,MEDICAL,PHARMACY/MEDICAL SUPPLY,43.65280854,-79.40103661
324 Spadina Ave,Great Mountain Ginseng,Other Point of Interest,MEDICAL,PHARMACY/MEDICAL SUPPLY,43.65369383,-79.39874442
183 Augusta Ave,Holistic World,,MEDICAL,MEDICAL OFFICES,43.6534337,-79.4014114
310-340 College St,John Gorfinkel MD,,MEDICAL,MEDICAL OFFICES,43.6572998,-79.4034527
200-292 Spadina Ave,John Hui DDS,,MEDICAL,DENTAL OFFICES,43.6536491,-79.3984188
Toronto Western Hospital,K W Marshall Dr,,MEDICAL,HOSPITAL,43.653567,-79.405496
340-340 College St,Kenneth Sky MD,,MEDICAL,MEDICAL OFFICES,43.6572998,-79.4034527
103-302 Spadina Ave,Khai Minh Tram MD,,MEDICAL,MEDICAL OFFICES,43.6536491,-79.3984188
302 Spadina Ave,Loh Joachim M,Other Medical/Dental,MEDICAL,MEDICAL OFFICES,43.65335009,-79.39859335
149 Augusta Ave,Market St Pharmacy,Mixed Use,MEDICAL,PHARMACY/MEDICAL SUPPLY,43.65266912,-79.40108579
149 Augusta Ave,Market Street Pharmacy,Commercial Location,MEDICAL,PHARMACY/MEDICAL SUPPLY,43.65253979,-79.40155517
302 Spadina Ave,R K Pharmacy Ltd,Other Medical/Dental,MEDICAL,PHARMACY/MEDICAL SUPPLY,43.65335009,-79.39859335
343 College St,Raxlen Pharmacy,Other Medical/Dental,MEDICAL,PHARMACY/MEDICAL SUPPLY,43.65712503,-79.40323399
474 Spadina Ave,Rexall,Other Office Building,MEDICAL,PHARMACY/MEDICAL SUPPLY,43.65773103,-79.40037723
295 College St,Royal Care Medical Centre,Unknown,MEDICAL,CLINIC,43.65747672,-79.40122993
570 Dundas St W,Royal Denture Clinic,,MEDICAL,DENTAL OFFICES,43.6525487,-79.4002866
149 Augusta Ave,Royal Furniture Co of Canada,Commercial Location,MEDICAL,PHARMACY/MEDICAL SUPPLY,43.65253979,-79.40155517
149 Augusta Ave,Royal Trade Co Canada,Commercial Location,MEDICAL,PHARMACY/MEDICAL SUPPLY,43.65253979,-79.40155517
300B Spadina Ave,Saigon Pharmacy,Commercial Location,MEDICAL,PHARMACY/MEDICAL SUPPLY,43.65320312,-79.39845515
320-340 College St,Samuel Librach MD,,MEDICAL,MEDICAL OFFICES,43.6572998,-79.4034527
310 Spadina Ave,Shun Lee Store,Other Office Building,MEDICAL,PHARMACY/MEDICAL SUPPLY,43.65343877,-79.39886095
449 Bathurst St,Susan Tarlo MD,,MEDICAL,MEDICAL OFFICES,43.6550211,-79.4069323
280 Augusta Ave,Synergy,,MEDICAL,CLINIC,43.6568391,-79.4033338
302 Spadina Ave,Tccsa,Other Medical/Dental,MEDICAL,MEDICAL OFFICES,43.65335009,-79.39859335
157 Augusta Ave,Tin Sing International Trading Inc.,Mixed Use,MEDICAL,PHARMACY/MEDICAL SUPPLY,43.65284528,-79.40104208
399 Bathurst St,Toronto Western Hospital,"Hospital, Private and Public",MEDICAL,HOSPITAL,43.65309479,-79.40568848
9B-25 Leonard Ave,Torwest Rehabilitation Ctr,,MEDICAL,MEDICAL OFFICES,43.6537568,-79.404593
297 Augusta Ave,United Smiles of Kensington,Commercial Location,MEDICAL,DENTAL OFFICES,43.65644539,-79.40252301
302 Spadina Ave,Van-Chung Tran,Other Medical/Dental,MEDICAL,MEDICAL OFFICES,43.65335009,-79.39859335
240-340 College St,W K Cheng MD,,MEDICAL,MEDICAL OFFICES,43.6572998,-79.4034527
340-340 College St,William El-Masri MD,,MEDICAL,MEDICAL OFFICES,43.6572998,-79.4034527
300 Spadina Ave,Yan Oi Chinese Herbalists,Commercial Location,MEDICAL,MEDICAL OFFICES,43.65320312,-79.39845515
419 College St,Abraham Jonas,Commercial Location,OFFICES,OFFICE SPACE,43.6564704,-79.406875
252 Augusta Ave,Bureau Kensington,,OFFICES,OFFICE SPACE,43.6558697,-79.4027703
302 Spadina Ave,Carter & Wong,Other Medical/Dental,OFFICES,OFFICE SPACE,43.65335009,-79.39859335
22 Kensington Ave,Exile Office,Commercial Location,OFFICES,OFFICE SPACE,43.65287287,-79.40022932
400-340 College St,Faust Law Firm,,OFFICES,OFFICE SPACE,43.6572998,-79.4034527
419 College St,Fisch & Antonette,Commercial Location,OFFICES,OFFICE SPACE,43.6564704,-79.406875
2-419 College St,Fisch & Antonette,,OFFICES,OFFICE SPACE,43.6565888,-79.4070912
160 Baldwin St,Goldview Property,Unknown,OFFICES,OFFICE SPACE,43.65513707,-79.40001602
400-340 College St,Harvey Hacker ATY,,OFFICES,OFFICE SPACE,43.6572998,-79.4034527
294 Spadina Ave,Hualing Consultants,Unknown,OFFICES,OFFICE SPACE,43.65304535,-79.39852119
306-302 Spadina Ave,Joachim M Loh PC,,OFFICES,OFFICE SPACE,43.6536491,-79.3984188
183 Augusta Ave,Peter I Waldman Pro Corp,,OFFICES,OFFICE SPACE,43.6534337,-79.4014114
471 Bathurst St,Rosen,,OFFICES,OFFICE SPACE,43.6556076,-79.407172
300 Spadina Ave,Spacefy Inc,Commercial Location,OFFICES,OFFICE SPACE,43.65320312,-79.39845515
299 Augusta Ave,299 Augusta Ave Inc,Commercial Location,RESTAURANT AND BARS,TAKE-OUT RESTAURANT,43.65648134,-79.40261891
440 Spadina Ave,98 Aroma,Other Point of Interest,RESTAURANT AND BARS,EAT-IN RESTAURANT / CAFE,43.6570035,-79.40005641
332 Spadina Ave,Ajusen Ramen,Unknown,RESTAURANT AND BARS,EAT-IN RESTAURANT / CAFE,43.65386928,-79.39884012
184 Augusta Ave,Amadeus Restaraunt,Commercial Location,RESTAURANT AND BARS,EAT-IN RESTAURANT / CAFE,43.65403658,-79.40202666
419 College St,Awtash Cafe,Commercial Location,RESTAURANT AND BARS,EAT-IN RESTAURANT / CAFE,43.6564704,-79.406875
538 W Dundas St,Banh Mi Ba Le,Other Point of Interest,RESTAURANT AND BARS,EAT-IN RESTAURANT / CAFE,43.652902,-79.39919406
538 Dundas St W,Banh Mi Bale,,RESTAURANT AND BARS,TAKE-OUT RESTAURANT,43.6529419,-79.3984502
382 Spadina Ave,Beefing with 7 Hongkong Style Cuisine,Unknown,RESTAURANT AND BARS,EAT-IN RESTAURANT / CAFE,43.65529608,-79.39936992
A-61 Bellevue Ave,Bellevue,,RESTAURANT AND BARS,EAT-IN RESTAURANT / CAFE,43.6549014,-79.403606
269 Av Augusta,Big Chubby Burger,,RESTAURANT AND BARS,EAT-IN RESTAURANT / CAFE,43.6556681,-79.402288
238 Augusta Ave,Big Fat Burrito,Other Point of Interest,RESTAURANT AND BARS,EAT-IN RESTAURANT / CAFE,43.65539836,-79.40263136
152 Av Augusta,Brasas Grill Inc,,RESTAURANT AND BARS,EAT-IN RESTAURANT / CAFE,43.6527622,-79.4014568
666 Dundas St W,Buddha's Vegetarian Foods,,RESTAURANT AND BARS,EAT-IN RESTAURANT / CAFE,43.6519309,-79.4035047
666 Dundas St W,Buddha's Vegetarian Foods,,RESTAURANT AND BARS,EAT-IN RESTAURANT / CAFE,43.6519309,-79.4035047
1A-707 Dundas St W,Bunz,,RESTAURANT AND BARS,EAT-IN RESTAURANT / CAFE,43.6519365,-79.4043572
319 Augusta Ave,Burger Bar,,RESTAURANT AND BARS,EAT-IN RESTAURANT / CAFE,43.6569964,-79.402845
307 Augusta Ave,Cafe Pamenar,,RESTAURANT AND BARS,EAT-IN RESTAURANT / CAFE,43.656668,-79.4027228
418 Spadina Ave,Canton Chilli,Unknown,RESTAURANT AND BARS,EAT-IN RESTAURANT / CAFE,43.65629049,-79.3997781
181 Baldwin St,Coffee Cup,Unknown,RESTAURANT AND BARS,EAT-IN RESTAURANT / CAFE,43.65466927,-79.40050715
1-207 Augusta Ave,Cosmic Treats,,RESTAURANT AND BARS,EAT-IN RESTAURANT / CAFE,43.6530778,-79.4014355
160 Baldwin St,Crep It Up,Unknown,RESTAURANT AND BARS,EAT-IN RESTAURANT / CAFE,43.65513707,-79.40001602
530 Dundas St W,D Y Karaoke,,RESTAURANT AND BARS,EAT-IN RESTAURANT / CAFE,43.6529572,-79.3983913
291 Augusta Ave,Debu's Indian Cuisine,,RESTAURANT AND BARS,EAT-IN RESTAURANT / CAFE,43.6563359,-79.4026074
438 Spadina Ave,DICC of Toronto,,RESTAURANT AND BARS,EAT-IN RESTAURANT / CAFE,43.6568106,-79.4000327
234 Augusta Ave,Dolce Gelato,Other Point of Interest,RESTAURANT AND BARS,EAT-IN RESTAURANT / CAFE,43.65529813,-79.40260684
602 Dundas St W,Dr Augustas Samitorium,,RESTAURANT AND BARS,EAT-IN RESTAURANT / CAFE,43.6523577,-79.4013093
328 Spadina Ave,Dumpling House Restraunt,Other Point of Interest,RESTAURANT AND BARS,EAT-IN RESTAURANT / CAFE,43.65377986,-79.39869535
189 Augusta Ave,Egg Bae,Commercial Location,RESTAURANT AND BARS,EAT-IN RESTAURANT / CAFE,43.65356986,-79.40137976
2A Kensington Ave,El Rey Mezcal Bar,Unknown,RESTAURANT AND BARS,BAR,43.65281502,-79.4001223
277 Augusta Ave,El Trompo,Unknown,RESTAURANT AND BARS,EAT-IN RESTAURANT / CAFE,43.65591475,-79.4023148
28 Kensington Ave,Fika Cafe,Commercial Location,RESTAURANT AND BARS,EAT-IN RESTAURANT / CAFE,43.65287287,-79.40022932
230 Augusta Ave,Film Cafe,Other Point of Interest,RESTAURANT AND BARS,EAT-IN RESTAURANT / CAFE,43.65507201,-79.40250616
347 College St,Flava Ceen,Unknown,RESTAURANT AND BARS,EAT-IN RESTAURANT / CAFE,43.65707096,-79.40331889
46 Kensington Ave,Fong on Foods,Unknown,RESTAURANT AND BARS,EAT-IN RESTAURANT / CAFE,43.65392125,-79.40064075
201 Augusta Ave,Fresco's Cuisine Inc.,Unknown,RESTAURANT AND BARS,EAT-IN RESTAURANT / CAFE,43.65384792,-79.40143514
197 1/2 Baldwin St,Freshwood Grill Kensington,,RESTAURANT AND BARS,EAT-IN RESTAURANT / CAFE,43.6546415,-79.401361
356 Spadina Ave,Fudao Noodle House,Unknown,RESTAURANT AND BARS,EAT-IN RESTAURANT / CAFE,43.65458609,-79.39907003
638 Dundas St W,Full Moon Vegetarian Rstrnt,,RESTAURANT AND BARS,EAT-IN RESTAURANT / CAFE,43.6520572,-79.4026408
402 Spadina Ave,Gotcha,Unknown,RESTAURANT AND BARS,TAKE-OUT RESTAURANT,43.65594392,-79.39964774
170 Baldwin St,Graffiti's Bar & Grill,Unknown,RESTAURANT AND BARS,EAT-IN RESTAURANT / CAFE,43.65500253,-79.40057796
638 Dundas St W,Greens Vegetarian,,RESTAURANT AND BARS,EAT-IN RESTAURANT / CAFE,43.6520572,-79.4026408
638 W Dundas St,Greens Vegetarian Restaurant,Unknown,RESTAURANT AND BARS,EAT-IN RESTAURANT / CAFE,43.65207255,-79.40270929
291 Augusta Ave,Grk Ygrt,,RESTAURANT AND BARS,EAT-IN RESTAURANT / CAFE,43.6563359,-79.4026074
225 Augusta Ave,Gus's Tacos,Unknown,RESTAURANT AND BARS,TAKE-OUT RESTAURANT,43.65438074,-79.40165586
79 Kensington Ave,Hanabusa Cafe,Unknown,RESTAURANT AND BARS,EAT-IN RESTAURANT / CAFE,43.65475755,-79.40040807
159 Augusta Ave,Handlebar,Commercial Location,RESTAURANT AND BARS,BAR,43.65293028,-79.40105378
55 Kensington Ave,Hao Cheng Trading Inc,Unknown,RESTAURANT AND BARS,EAT-IN RESTAURANT / CAFE,43.65397983,-79.40012995
358 Spadina Ave,Happy Seven Restaurant,Unknown,RESTAURANT AND BARS,EAT-IN RESTAURANT / CAFE,43.65461695,-79.3990919
197 1/2 Baldwin St,Havana Cuba Inc,,RESTAURANT AND BARS,EAT-IN RESTAURANT / CAFE,43.6546415,-79.401361
249 Augusta Ave,Hogtown Smoke,Mixed use,RESTAURANT AND BARS,EAT-IN RESTAURANT / CAFE,43.65500318,-79.40197201
84 Nassau St,I Deal Coffee,Unknown,RESTAURANT AND BARS,EAT-IN RESTAURANT / CAFE,43.65518766,-79.40331186
416 Ave Spadina,Ivan's Kitchen,,RESTAURANT AND BARS,EAT-IN RESTAURANT / CAFE,43.6562598,-79.3996529
245 Augusta Ave,Jumbo Empanadas,Commercial Location,RESTAURANT AND BARS,EAT-IN RESTAURANT / CAFE,43.65487956,-79.40191791
526 W Dundas St,K-One KTV,Commercial Location,RESTAURANT AND BARS,BAR,43.65300725,-79.39890301
8 St Andrew St,Ka Chi Korean Restaurant,Other Point of Interest,RESTAURANT AND BARS,EAT-IN RESTAURANT / CAFE,43.65448121,-79.39936867
638 Dundas St W,Kienduc Quach,,RESTAURANT AND BARS,EAT-IN RESTAURANT / CAFE,43.6520572,-79.4026408
546 W Dundas St,Kim Vietnamese Restaurant,Other Point of Interest,RESTAURANT AND BARS,EAT-IN RESTAURANT / CAFE,43.65285732,-79.39942929
546 Dundas St W,Kim Vietnamese Restaurant Ltd,,RESTAURANT AND BARS,EAT-IN RESTAURANT / CAFE,43.6529267,-79.398509
192 Augusta Ave,King's Cafe,Unknown,RESTAURANT AND BARS,EAT-IN RESTAURANT / CAFE,43.65422072,-79.40215558
296 Spadina Ave,King's Noodle Restraunt,Other Office Building,RESTAURANT AND BARS,EAT-IN RESTAURANT / CAFE,43.65309695,-79.398411
160 Baldwin St,Kiss the Tiramisu,Unknown,RESTAURANT AND BARS,EAT-IN RESTAURANT / CAFE,43.65513707,-79.40001602
536 W Dundas St,KL Kitchen Indo-Malay Cuisine,Commercial Location,RESTAURANT AND BARS,EAT-IN RESTAURANT / CAFE,43.65295472,-79.39913569
207 Augusta Ave,Knockout Chicken,Unknown,RESTAURANT AND BARS,EAT-IN RESTAURANT / CAFE,43.6540209,-79.40152107
214 Augusta Ave,Ko'ox Hana,Other Point of Interest,RESTAURANT AND BARS,EAT-IN RESTAURANT / CAFE,43.65474213,-79.40234939
170 Baldwin St,Koi Koi Sake Bar,Unknown,RESTAURANT AND BARS,EAT-IN RESTAURANT / CAFE,43.65500253,-79.40057796
4-79 Kensington Ave,Korinthean Diner,,RESTAURANT AND BARS,EAT-IN RESTAURANT / CAFE,43.6536552,-79.4002845
61A Bellevue Ave,Kos,Commercial Location,RESTAURANT AND BARS,EAT-IN RESTAURANT / CAFE,43.65512116,-79.40348562
400 Spadina Ave,Krispy Kreme,Unknown,RESTAURANT AND BARS,TAKE-OUT RESTAURANT,43.65589806,-79.39963165
287 College St,Kung Fu tea,Unknown,RESTAURANT AND BARS,TAKE-OUT RESTAURANT,43.65754537,-79.40093182
285 Augusta Ave,La Cevicheria,Other Point of Interest,RESTAURANT AND BARS,EAT-IN RESTAURANT / CAFE,43.65603509,-79.40237502
198 Augusta Ave,La Tortilleria,Mixed use,RESTAURANT AND BARS,EAT-IN RESTAURANT / CAFE,43.65435659,-79.40223253
12 Kensington Ave,Last Temptation,Other Point of Interest,RESTAURANT AND BARS,EAT-IN RESTAURANT / CAFE,43.6531333,-79.40042739
256 Augusta Ave,Le Kensington Bistro,Other Point of Interest,RESTAURANT AND BARS,EAT-IN RESTAURANT / CAFE,43.65632464,-79.40304805
460 Spadina Ave,Let's be Frank,Other Point of Interest,RESTAURANT AND BARS,EAT-IN RESTAURANT / CAFE,43.65746953,-79.40018498
40 Kensington Ave,Lola,Unknown,RESTAURANT AND BARS,BAR,43.65378394,-79.40060381
235 Augusta Ave,Lowes Coffee Shop,Commercial Location,RESTAURANT AND BARS,EAT-IN RESTAURANT / CAFE,43.65463094,-79.40182885
272 Augusta Ave,Lucky Money Restraunt,Mixed use,RESTAURANT AND BARS,EAT-IN RESTAURANT / CAFE,43.65669962,-79.40318123
B-280 Augusta Ave,Mango Like Desserts,,RESTAURANT AND BARS,EAT-IN RESTAURANT / CAFE,43.6548689,-79.4021579
181 Augusta Ave,Maracas,Mixed Use,RESTAURANT AND BARS,EAT-IN RESTAURANT / CAFE,43.65337794,-79.40124548
285 College St,Mi'hito Sushi Laboratory,Unknown,RESTAURANT AND BARS,EAT-IN RESTAURANT / CAFE,43.65752699,-79.40088873
161 Baldwin St,Millie Creperie,Commercial Location,RESTAURANT AND BARS,EAT-IN RESTAURANT / CAFE,43.65473698,-79.39986897
30 St Andrew St,Moonbean Coffee Company,Other Point of Interest,RESTAURANT AND BARS,EAT-IN RESTAURANT / CAFE,43.65427738,-79.40023204
289 College St,Mothers Sandwich Shoppes,,RESTAURANT AND BARS,EAT-IN RESTAURANT / CAFE,43.6576188,-79.4010254
423 College St,NEST,Commercial Location,RESTAURANT AND BARS,BAR,43.65631184,-79.40706626
410 Spadina Ave,New Ho King,Unknown,RESTAURANT AND BARS,EAT-IN RESTAURANT / CAFE,43.65611994,-79.39971661
530 Dundas St W,Noble Seafood Restaurant,,RESTAURANT AND BARS,EAT-IN RESTAURANT / CAFE,43.6529572,-79.3983913
2-707 Dundas St W,Nom Nom Nom Crepes,,RESTAURANT AND BARS,EAT-IN RESTAURANT / CAFE,43.6519365,-79.4043572
240 Augusta Ave,Nu Bugel,Other Point of Interest,RESTAURANT AND BARS,EAT-IN RESTAURANT / CAFE,43.65545527,-79.40263732
280 Augusta Ave,Oishi Gada,,RESTAURANT AND BARS,EAT-IN RESTAURANT / CAFE,43.6568391,-79.4033338
409 College St,Onnki Donburi,Other Point of Interest,RESTAURANT AND BARS,EAT-IN RESTAURANT / CAFE,43.65641302,-79.40655206
351 College St,Osmow's Shawarma,Other Medical/Dental,RESTAURANT AND BARS,EAT-IN RESTAURANT / CAFE,43.65714589,-79.40335974
319 Augusta Ave,Osteria Porte Rosse Beer 2 Br,,RESTAURANT AND BARS,EAT-IN RESTAURANT / CAFE,43.6569964,-79.402845
256 Augusta Ave,Otto's Berlin Doner,Other Point of Interest,RESTAURANT AND BARS,TAKE-OUT RESTAURANT,43.65632464,-79.40304805
180 Baldwin St,Our Spot,Unknown,RESTAURANT AND BARS,EAT-IN RESTAURANT / CAFE,43.65487347,-79.40092093
66 1/2 Nassau St,Ozzy's Burgers,,RESTAURANT AND BARS,EAT-IN RESTAURANT / CAFE,43.6549694,-79.4036448
66 Nassau St,Ozzy's Burgers Toronto,Commercial Location,RESTAURANT AND BARS,EAT-IN RESTAURANT / CAFE,43.65527269,-79.40269403
200 Augusta Ave,Pancho y Emiliano,Mixed use,RESTAURANT AND BARS,EAT-IN RESTAURANT / CAFE,43.65439101,-79.40223054
350 Spadina Ave,Pho Hung Restraunt,Unknown,RESTAURANT AND BARS,EAT-IN RESTAURANT / CAFE,43.65445016,-79.39903044
430 1/2 College St,Pickle Drum Bar & Grill,,RESTAURANT AND BARS,EAT-IN RESTAURANT / CAFE,43.6565888,-79.4070912
214 Augusta Ave,Pico De Gallo,Other Point of Interest,RESTAURANT AND BARS,EAT-IN RESTAURANT / CAFE,43.65474213,-79.40234939
253 Augusta Ave,Pizzeria da Mario,Other Point of Interest,RESTAURANT AND BARS,TAKE-OUT RESTAURANT,43.65511676,-79.40205921
188 Augusta Ave,Pizzeria Via Mercanti,Commercial Location,RESTAURANT AND BARS,EAT-IN RESTAURANT / CAFE,43.65408944,-79.40204287
224 Augusta Ave,Poetry,Commercial Location,RESTAURANT AND BARS,EAT-IN RESTAURANT / CAFE,43.65493852,-79.40246021
213 Augusta Ave,Pow Wow Cafe,Unknown,RESTAURANT AND BARS,EAT-IN RESTAURANT / CAFE,43.65413402,-79.40155003
66 Kensington Ave,Prohibition,Other Point of Interest,RESTAURANT AND BARS,BAR,43.6544045,-79.40087286
419 College St,Quetzal,Commercial Location,RESTAURANT AND BARS,EAT-IN RESTAURANT / CAFE,43.6563576,-79.40685449
421 College St,Ramen Isshin,Other Point of Interest,RESTAURANT AND BARS,EAT-IN RESTAURANT / CAFE,43.65634473,-79.40692968
65 Kensington Ave,Rasta Pasta,Other Point of Interest,RESTAURANT AND BARS,EAT-IN RESTAURANT / CAFE,43.6543422,-79.40043056
355 College St,Real Peking Restaurant,Commercial Location,RESTAURANT AND BARS,EAT-IN RESTAURANT / CAFE,43.65706229,-79.40355159
444 Spadina Ave,Red Room Cafe,Other Point of Interest,RESTAURANT AND BARS,EAT-IN RESTAURANT / CAFE,43.65706631,-79.40000814
69 Nassau St,Ronnie's Local 069,Unknown,RESTAURANT AND BARS,EAT-IN RESTAURANT / CAFE,43.65500872,-79.40264191
146 Baldwin St,Sadies Juice Bar,,RESTAURANT AND BARS,EAT-IN RESTAURANT / CAFE,43.6551255,-79.3994625
6 St Andrew St,Saigon Lotus,Other Point of Interest,RESTAURANT AND BARS,EAT-IN RESTAURANT / CAFE,43.65449803,-79.39932654
536 Dundas St W,Sang Ho Seafood Restaurant,,RESTAURANT AND BARS,EAT-IN RESTAURANT / CAFE,43.6529457,-79.3984355
72 Kensington Ave,Seven Lives,Other Point of Interest,RESTAURANT AND BARS,EAT-IN RESTAURANT / CAFE,43.65448892,-79.40083069
530 W Dundas St,Shanghai Shikumen Fine Cuisine,Commercial Location,RESTAURANT AND BARS,EAT-IN RESTAURANT / CAFE,43.6529859,-79.39899011
318 Spadina Ave,Shi Miaodao,Other Point of Interest,RESTAURANT AND BARS,EAT-IN RESTAURANT / CAFE,43.65361345,-79.39872824
456 Spadina Ave,Simmer Huang,Other Point of Interest,RESTAURANT AND BARS,EAT-IN RESTAURANT / CAFE,43.65732431,-79.40031785
431 College St,Sneaky Dee's,Commercial Location,RESTAURANT AND BARS,BAR,43.65624616,-79.40744518
276 Augusta Ave,Socialite,Mixed use,RESTAURANT AND BARS,EAT-IN RESTAURANT / CAFE,43.65677865,-79.40324828
422 Spadina Ave,Song Tea,Unknown,RESTAURANT AND BARS,TAKE-OUT RESTAURANT,43.65637081,-79.39980133
291 Av Augusta,Spicy Grill,,RESTAURANT AND BARS,EAT-IN RESTAURANT / CAFE,43.6563359,-79.4026074
A-292 College St,Suba Nightclub,,RESTAURANT AND BARS,BAR,43.6578562,-79.400742
458 Spadina Ave,Subway,Other Point of Interest,RESTAURANT AND BARS,TAKE-OUT RESTAURANT,43.6574171,-79.40019901
358 Spadina Ave,Super Noodle Express,Unknown,RESTAURANT AND BARS,EAT-IN RESTAURANT / CAFE,43.65461695,-79.3990919
281 Augusta Ave,Sushi and Poke,Mixed use,RESTAURANT AND BARS,EAT-IN RESTAURANT / CAFE,43.6559293,-79.4023563
68 Wales Ave,Sweet Hart Kitchen,Other Point of Interest,RESTAURANT AND BARS,EAT-IN RESTAURANT / CAFE,43.65299689,-79.40411914
394 Spadina Ave,Szechuan Boiling House,Unknown,RESTAURANT AND BARS,EAT-IN RESTAURANT / CAFE,43.65557654,-79.39947074
338 Spadina Ave,Taste of China,Other Point of Interest,RESTAURANT AND BARS,EAT-IN RESTAURANT / CAFE,43.65400547,-79.39895242
388 Spadina Ave,Taste of Guang Xi,Unknown,RESTAURANT AND BARS,EAT-IN RESTAURANT / CAFE,43.65542476,-79.39939789
430 1/2 College St,Taste of Shawarma,,RESTAURANT AND BARS,EAT-IN RESTAURANT / CAFE,43.6565888,-79.4070912
234 Ave Augusta,Tasty Corner,,RESTAURANT AND BARS,EAT-IN RESTAURANT / CAFE,43.6553601,-79.4025708
419 College St,Tea Shop 168,Commercial Location,RESTAURANT AND BARS,TAKE-OUT RESTAURANT,43.6564704,-79.406875
319 Augusta Ave,Templeton's Cafe,,RESTAURANT AND BARS,EAT-IN RESTAURANT / CAFE,43.6569964,-79.402845
412 Spadina Ave,Thai Country Kitchen,Unknown,RESTAURANT AND BARS,EAT-IN RESTAURANT / CAFE,43.65616149,-79.39972254
269 Augusta Ave,The Burgernator,Unknown,RESTAURANT AND BARS,EAT-IN RESTAURANT / CAFE,43.65562846,-79.40212387
77 Kensington Ave,The Dirty Bird,Unknown,RESTAURANT AND BARS,EAT-IN RESTAURANT / CAFE,43.65469843,-79.40052004
223 Augusta Ave,The Embassy,Commercial Location,RESTAURANT AND BARS,BAR,43.65434226,-79.40166014
196 Augusta Ave,The Hungary Thai,Unknown,RESTAURANT AND BARS,EAT-IN RESTAURANT / CAFE,43.65429514,-79.40219658
149 Baldwin St,The Jerk Spot,Unknown,RESTAURANT AND BARS,TAKE-OUT RESTAURANT,43.65491304,-79.3995359
257 Augusta Ave,The Organic Press,Other Point of Interest,RESTAURANT AND BARS,EAT-IN RESTAURANT / CAFE,43.65539318,-79.40214081
197 Baldwin St,Thirsty & Miserable,Unknown,RESTAURANT AND BARS,EAT-IN RESTAURANT / CAFE,43.65450309,-79.40149323
51 Kensington Ave,Tibet Cafe and Bar,Unknown,RESTAURANT AND BARS,EAT-IN RESTAURANT / CAFE,43.65389751,-79.4000956
411 College St,Toby's Pub & Eatery,Commercial Location,RESTAURANT AND BARS,BAR,43.65639636,-79.40664248
251 Augusta Ave,Top Gun Burger,Commercial Location,RESTAURANT AND BARS,EAT-IN RESTAURANT / CAFE,43.65507604,-79.40199242
147 Baldwin St,Toronto Popcorn Company,Unknown,RESTAURANT AND BARS,EAT-IN RESTAURANT / CAFE,43.65491409,-79.39947623
181 Baldwin St,Torteria San Cosme,Unknown,RESTAURANT AND BARS,EAT-IN RESTAURANT / CAFE,43.65466927,-79.40050715
620 W Dundas St,Tree Top African Cafe,Other Point of Interest,RESTAURANT AND BARS,EAT-IN RESTAURANT / CAFE,43.65228703,-79.40187748
303 Augusta Ave,Trinity Common,Commercial Location,RESTAURANT AND BARS,BAR,43.6565853,-79.4025782
15 Kensington Ave,Tryst,,RESTAURANT AND BARS,EAT-IN RESTAURANT / CAFE,43.6529739,-79.3999103
64 Oxford St,Urban Herbivore,Other Point of Interest,RESTAURANT AND BARS,EAT-IN RESTAURANT / CAFE,43.65620629,-79.40286718
214 Augusta Ave,Vega Burger,Other Point of Interest,RESTAURANT AND BARS,EAT-IN RESTAURANT / CAFE,43.65474213,-79.40234939
214 Av Augusta,Veva Burger,,RESTAURANT AND BARS,EAT-IN RESTAURANT / CAFE,43.6547204,-79.4022615
578 W Dundas St,VIVID,Unknown,RESTAURANT AND BARS,TAKE-OUT RESTAURANT,43.652595,-79.40047238
303 Augusta Ave,Waterfall I T Bar & Grille,Commercial Location,RESTAURANT AND BARS,EAT-IN RESTAURANT / CAFE,43.6565853,-79.4025782
416 Spadina Ave,Xiaobiandan,Unknown,RESTAURANT AND BARS,EAT-IN RESTAURANT / CAFE,43.65622177,-79.39980817
236 Augusta Ave,913956 Ontario,Other Point of Interest,RETAIL,SPECIALTY STORE,43.65535409,-79.40259812
452 Spadina Ave,A & C Video Games,,RETAIL,SPECIALTY STORE,43.6572144,-79.4000988
450 Spadina Ave,A and C Games,Commercial Location,RETAIL,SPECIALTY STORE,43.65722747,-79.40029331
199 Baldwin St,AAA Army Surplus,Unknown,RETAIL,NEW CLOTHING,43.65447834,-79.40167561
618 W Dundas St,African Drums And Arts Crafts,Other Point of Interest,RETAIL,SPECIALTY STORE,43.6523094,-79.40178672
5-707 Dundas St W,Anokha Leewu Enterprises,,RETAIL,SPECIALTY STORE,43.6519365,-79.4043572
378 Spadina Ave,B & J Trading Co,,RETAIL,DISCOUNT STORES,43.6552505,-79.399271
376 Spadina Ave,B and J Trading,Unknown,RETAIL,SPECIALTY STORE,43.65517892,-79.39932572
8-60 Kensington Ave,Berghoff Ontario Group,,RETAIL,SPECIALTY STORE,43.6536552,-79.4002845
558 W Dundas St,Better Gift Shop + Hu Chun Tang Chinese Herbs,Unknown,RETAIL,SPECIALTY STORE,43.6527314,-79.39957178
602 W Dundas St,Bike House,Other Point of Interest,RETAIL,SPECIALTY STORE,43.65244005,-79.40134347
309 Augusta Ave,Bikes on Wheels,Commercial Location,RETAIL,SPECIALTY STORE,43.65676897,-79.40249799
608 Dundas St W,Bionic Clothing,,RETAIL,NEW CLOTHING,43.6522675,-79.4015625
250 Augusta Ave,Blue Banana,Mixed use,RETAIL,SPECIALTY STORE,43.6555725,-79.4028644
1-322 College St,Boiler Shoppe,,RETAIL,SPECIALTY STORE,43.6572998,-79.4034527
271 Augusta Ave,Bungalow,Unknown,RETAIL,SPECIALTY STORE,43.65575339,-79.40220331
273 Augusta Ave,Bungalow,Other Point of Interest,RETAIL,SPECIALTY STORE,43.65576501,-79.40225391
42 Kensington Ave,Butterfly,Unknown,RETAIL,SPECIALTY STORE,43.65380709,-79.40060387
160 Augusta Ave,CAAM Unites Hardware,Mixed Use,RETAIL,HARDWARE,43.65292827,-79.40170384
408 Spadina Ave,Cantex,Unknown,RETAIL,SPECIALTY STORE,43.65604224,-79.39973358
44 Kensington Ave,Cave,,RETAIL,VINTAGE CLOTHING,43.653863,-79.40048
4-160 Baldwin St,Christina Fashion & Acces,,RETAIL,NEW CLOTHING,43.6549939,-79.3996081
564 Dundas St W,Colony Co,,RETAIL,SPECIALTY STORE,43.6525989,-79.4000984
254 Augusta Ave,Comic Pile,Other Point of Interest,RETAIL,SPECIALTY STORE,43.65575951,-79.40280385
564 Dundas St W,Comp Win Flowers,,RETAIL,SPECIALTY STORE,43.6525989,-79.4000984
426 Spadina Ave,Cotton Best,Unknown,RETAIL,DISCOUNT STORES,43.65646808,-79.39984667
14 Kensington Ave,Courage My Love,Other Point of Interest,RETAIL,VINTAGE CLOTHING,43.65318265,-79.40044691
44 Kensington Ave,Crazy Loco Vintage,Unknown,RETAIL,VINTAGE CLOTHING,43.65386257,-79.40064013
386 Spadina Ave,Creative Design,Unknown,RETAIL,DISCOUNT STORES,43.65536631,-79.399377
349 College St,Creatron Inc,Unknown,RETAIL,SPECIALTY STORE,43.65707858,-79.40336661
17 Kensington Ave,Dancing Days Studio,Commercial Location,RETAIL,SPECIALTY STORE,43.65309498,-79.39984414
226 Augusta Ave,Daniel Safety Workwear Ltd,Commercial Location,RETAIL,CONSTRUCTION CLOTHING,43.65500177,-79.40246649
430 Spadina Ave,Daniel's Art Supplies,Unknown,RETAIL,SPECIALTY STORE,43.65656989,-79.39982711
56 Kensington Ave,Deja Vu,,RETAIL,VINTAGE CLOTHING,43.6542262,-79.4006153
584 W Dundas St,Design2print,Other Point of Interest,RETAIL,NEW CLOTHING,43.65264363,-79.40067355
160 Baldwin St,Designer B Fashion,Unknown,RETAIL,SPECIALTY STORE,43.65513707,-79.40001602
161 Baldwin St,Dickey Tibetan Treasure,Commercial Location,RETAIL,SPECIALTY STORE,43.65473698,-79.39986897
438 Spadina Ave,Dragon World Trading,,RETAIL,DISCOUNT STORES,43.6568106,-79.4000327
9 Kensington Ave,Ego Vintage Clothing Store,Other Point of Interest,RETAIL,VINTAGE CLOTHING,43.65313144,-79.39985063
406 Spadina Ave,Elsa Fashion,Unknown,RETAIL,SPECIALTY STORE,43.65607412,-79.39969759
438 Spadina Ave,Emmo,,RETAIL,SPECIALTY STORE,43.6568106,-79.4000327
8 Oxford St,Emmo Inc,Unknown,RETAIL,SPECIALTY STORE,43.65678635,-79.40018736
201 Baldwin St,Eurolins Incorporated,Unknown,RETAIL,SPECIALTY STORE,43.65435111,-79.40179732
62 Kensington Ave,Exile,Commercial Location,RETAIL,VINTAGE CLOTHING,43.65287287,-79.40022932
20 Kensington Ave,Exile,Commercial Location,RETAIL,VINTAGE CLOTHING,43.65287287,-79.40022932
241 Augusta Ave,Fairland,Commercial Location,RETAIL,CANNABIS,43.6547955,-79.40182357
334 Spadina Ave,Famous Canada Gift,Other Point of Interest,RETAIL,SPECIALTY STORE,43.65389631,-79.39885096
27 Kensington Ave,Fashion Old and New,Mixed use,RETAIL,VINTAGE CLOTHING,43.65335069,-79.39985163
195 Baldwin St,Flamingo Vintage,Unknown,RETAIL,VINTAGE CLOTHING,43.65449349,-79.40154284
25 Kensington Ave,Flash Back,Commercial Location,RETAIL,VINTAGE CLOTHING,43.65287287,-79.40022932
179 Baldwin St,Fortuna Canada,,RETAIL,NEW CLOTHING,43.6547257,-79.4004252
151 Augusta Ave,Furniture Express,Mixed Use,RETAIL,SPECIALTY STORE,43.65272927,-79.40102915
428 Spadina Ave,Furonto Impex,Unknown,RETAIL,SPECIALTY STORE,43.65653602,-79.39989843
544 Dundas St W,Golden Sea Video,,RETAIL,SPECIALTY STORE,43.6529305,-79.3984943
174 Baldwin St,Good Luck Shop,Unknown,RETAIL,SPECIALTY STORE,43.65495831,-79.40074909
448 Spadina Ave,Gwartzman's,Other Point of Interest,RETAIL,SPECIALTY STORE,43.65715515,-79.40023389
82 Nassau St,Hardboiled Inc. Custom T-shirt Printing and Promotional Items,Unknown,RETAIL,SPECIALTY STORE,43.65524594,-79.40326167
220 Augusta Ave,Harry David LTD,Commercial Location,RETAIL,CONSTRUCTION CLOTHING,43.65484815,-79.40241597
204 Augusta Ave,HotBox,Unknown,RETAIL,CANNABIS,43.65448785,-79.40228296
206 Augusta Ave,HotBox,Other Point of Interest,RETAIL,CANNABIS,43.65452549,-79.40232689
335 College St,House of Vapes,Unknown,RETAIL,VAPE,43.65729247,-79.40254529
396 Ave Spadina,Hydra Leather Land,,RETAIL,SPECIALTY STORE,43.6555955,-79.3994401
3 Oxford St,Impex Trading,Unknown,RETAIL,SPECIALTY STORE,43.65652077,-79.39992391
364 Spadina Ave,In Shoes,,RETAIL,NEW CLOTHING,43.6548098,-79.3990894
640 Dundas St W,Jade Video,,RETAIL,SPECIALTY STORE,43.6520381,-79.4027385
259 Augusta Ave,Jessica's Season Wear,Other Point of Interest,RETAIL,NEW CLOTHING,43.65543679,-79.402086
438 Spadina Ave,Jj International,,RETAIL,CONVENIENCE STORE,43.6568106,-79.4000327
275 College St,Jump+ Apple Premium Retailer,Unknown,RETAIL,SPECIALTY STORE,43.65766507,-79.40060383
61 Kensington Ave,Kensington Sports,Unknown,RETAIL,VINTAGE CLOTHING,43.65429717,-79.40038429
56 Kensington Ave,Kensington Variety,,RETAIL,CONVENIENCE STORE,43.6542262,-79.4006153
58 Kensington Ave,Kensington Variety,Mixed use,RETAIL,CONVENIENCE STORE,43.65421467,-79.40076769
205 Augusta Ave,Kid Icarus,Unknown,RETAIL,SPECIALTY STORE,43.65396811,-79.4015261
61 Kensington Ave,Kids Depot,Unknown,RETAIL,VINTAGE CLOTHING,43.65429717,-79.40038429
146 Augusta Ave,Kim Fashions,Commercial Location,RETAIL,VINTAGE CLOTHING,43.65257193,-79.40156031
35 Kensington Ave,King of Kensington,Other Point of Interest,RETAIL,VINTAGE CLOTHING,43.6535547,-79.39992096
179 Baldwin St,Knickers By Nella,,RETAIL,SPECIALTY STORE,43.6547257,-79.4004252
574 Dundas St W,Lam Hon Hu,,RETAIL,SPECIALTY STORE,43.6525246,-79.4004005
86 Nassau St,Lettuce Knit,Commercial Location,RETAIL,SPECIALTY STORE,43.65512995,-79.40341965
608 W Dundas St,Levol Convenience Food Market,Other Point of Interest,RETAIL,CONVENIENCE STORE,43.65242679,-79.4014819
6-707 Dundas St W,Likkle-N-Cute,,RETAIL,NEW CLOTHING,43.6519365,-79.4043572
15 Kensington Ave,Lilith's Garden,,RETAIL,NEW CLOTHING,43.6529739,-79.3999103
323 College St,Little Island Comics,Unknown,RETAIL,SPECIALTY STORE,43.65737906,-79.40215345
202 Augusta Ave,Longboard Living,Unknown,RETAIL,SPECIALTY STORE,43.65445522,-79.40229762
38 Kensington Ave,Lost Boys Vintage,Unknown,RETAIL,VINTAGE CLOTHING,43.65373981,-79.40059053
144 Augusta Ave,Lu Cabinet Showroom,Commercial Location,RETAIL,SPECIALTY STORE,43.65258174,-79.4015754
526 Dundas St W,Meteor Fashion,,RETAIL,NEW CLOTHING,43.6529648,-79.3983619
352 Spadina Ave,Minh Chau Jewlery,Unknown,RETAIL,SPECIALTY STORE,43.65449562,-79.39904975
281 College St,MOD ELECTRONICS,Unknown,RETAIL,SPECIALTY STORE,43.65758725,-79.40073684
279 Augusta Ave,Model Citzen,Unknown,RETAIL,NEW CLOTHING,43.65592299,-79.40231814
273 Augusta Ave,Nassau Furniture,Other Point of Interest,RETAIL,SPECIALTY STORE,43.65576501,-79.40225391
90 Nassau St,Nassau Variety,Unknown,RETAIL,SPECIALTY STORE,43.65502787,-79.40392202
44 Kensington Ave,Nepal Handicrafts,,RETAIL,SPECIALTY STORE,43.653863,-79.40048
414 Spadina Ave,Pacific Marketing Co.,Unknown,RETAIL,NEW CLOTHING,43.65620278,-79.39974875
270 Augusta Ave,Paradise Bound,Other Point of Interest,RETAIL,SPECIALTY STORE,43.65663244,-79.40324902
69 1/2 Nassau St,Paul's Boutique,,RETAIL,SPECIALTY STORE,43.6555334,-79.4008055
526 Dundas St W,Phuc-Thinh Jewellery,,RETAIL,SPECIALTY STORE,43.6529648,-79.3983619
384 Spadina Ave,Plaiter Place,Unknown,RETAIL,SPECIALTY STORE,43.6553292,-79.39936825
6 Denison Sq,Progress Town Market Ltd,Commercial Location,RETAIL,DISCOUNT STORES,43.65402445,-79.40219822
13 Kensington Ave,Rage,,RETAIL,NEW CLOTHING,43.6529283,-79.3998899
574 Dundas St W,Red Apple Baby Furnisher,,RETAIL,VINTAGE CLOTHING,43.6525246,-79.4004005
143 Augusta Ave,Retro Heads,Mixed Use,RETAIL,VINTAGE CLOTHING,43.65250527,-79.40092253
217 Augusta Ave,Rite Furniture,,RETAIL,SPECIALTY STORE,43.6541857,-79.4017115
A-191 Baldwin St,Roach-O-Rama,,RETAIL,CANNABIS,43.6546415,-79.401361
184 Baldwin St,S & R Inc,Unknown,RETAIL,NEW CLOTHING,43.65487915,-79.40111286
380 Spadina Ave,S and H T's Inc.,Unknown,RETAIL,NEW CLOTHING,43.65523946,-79.39932868
339 College St,Sam's Food Store,Unknown,RETAIL,CONVENIENCE STORE,43.65727694,-79.40260543
604 Dundas St W,Sanford Trading Co Ltd,,RETAIL,SPECIALTY STORE,43.6523018,-79.4014042
146 Baldwin St,Shan Interprises,,RETAIL,NEW CLOTHING,43.6551255,-79.3994625
542 W Dundas St,Shinning Gold Import & Export Products,Commercial Location,RETAIL,SPECIALTY STORE,43.65294235,-79.39932206
222 Augusta Ave,Shoneys Clothing,Other Point of Interest,RETAIL,VINTAGE CLOTHING,43.65490228,-79.40239835
1-91 Oxford St,Simplify Wireless,,RETAIL,SPECIALTY STORE,43.6559632,-79.4033226
334 Spadina Ave,Sky Trading Co,Other Point of Interest,RETAIL,SPECIALTY STORE,43.65389631,-79.39885096
141 Augusta Ave,Skye Ssutu,Unknown,RETAIL,NEW CLOTHING,43.65244643,-79.40096924
594 Dundas St W,Skye Ssutu,,RETAIL,NEW CLOTHING,43.6524039,-79.4009696
6 Denison Sq,Smart Wear,Commercial Location,RETAIL,DISCOUNT STORES,43.65402445,-79.40219822
466 Spadina Ave,Smoke and Variety,Other Point of Interest,RETAIL,CONVENIENCE STORE,43.65762619,-79.40028692
28 Kensington Ave,Soma Clothing,Commercial Location,RETAIL,NEW CLOTHING,43.65287287,-79.40022932
34 Kensington Ave,Space Vintage,Unknown,RETAIL,VINTAGE CLOTHING,43.65365396,-79.40055346
3-160 Baldwin St,Stone Age Intl Trading Co Ltd,,RETAIL,SPECIALTY STORE,43.6549939,-79.3996081
574 W Dundas St,Swiftronics Canada,Other Point of Interest,RETAIL,SPECIALTY STORE,43.65268405,-79.40040355
360 Spadina Ave,Tap Phong Trading Co.,Unknown,RETAIL,SPECIALTY STORE,43.65469719,-79.3992667
98 Oxford St,Tatami Imports,Unknown,RETAIL,SPECIALTY STORE,43.65574026,-79.40511435
326 Spadina Ave,Tech Zone,Other Point of Interest,RETAIL,OTHER,43.65374192,-79.3987608
446 Spadina Ave,Techsquare,Other Point of Interest,RETAIL,SPECIALTY STORE,43.6571153,-79.40020881
319 College St,The Beguiling Comics & Art,Unknown,RETAIL,SPECIALTY STORE,43.65740422,-79.4020023
16 Kensington Ave,The Bend Cannabis Co.,Mixed use,RETAIL,CANNABIS,43.65322894,-79.40037483
261 Augusta Ave,The Canadian Hatter,Other Point of Interest,RETAIL,SPECIALTY STORE,43.65546562,-79.40216589
221 Augusta Ave,The Green Post,Unknown,RETAIL,SPECIALTY STORE,43.6543116,-79.40163403
366 Spadina Ave,The Herb Depot,Commercial Location,RETAIL,SPECIALTY STORE,43.65478722,-79.3992991
404 Spadina Ave,The House of Cannabis,Unknown,RETAIL,CANNABIS,43.65598924,-79.39966374
185 Baldwin St,The Kensary Cannibis Shop,Unknown,RETAIL,CANNABIS,43.65464866,-79.40096997
161 Baldwin St,Tibetan Boutique,Commercial Location,RETAIL,SPECIALTY STORE,43.65473698,-79.39986897
190 Baldwin St,Tom's Place,Unknown,RETAIL,VINTAGE CLOTHING,43.65484357,-79.40128125
560 Dundas St W,Tracy Scents,,RETAIL,SPECIALTY STORE,43.6529,-79.398612
14 St Andrew St,Trees in the Six,Other Point of Interest,RETAIL,CANNABIS,43.65440336,-79.39964957
415 College St,TTB trading Co. Ltd Food Market and Hardware,Commercial Location,RETAIL,CONVENIENCE STORE,43.65637486,-79.40675542
167 Augusta Ave,Upside Cyclestyle,Mixed Use,RETAIL,SPECIALTY STORE,43.65311932,-79.40118264
10 Kensington Ave,Urban Catwalk,Other Point of Interest,RETAIL,VINTAGE CLOTHING,43.65309175,-79.40031364
49 Kensington Ave,Usato Kensington,mixecd use,RETAIL,VINTAGE CLOTHING,43.65386376,-79.40006988
70 Kensington Ave,Vintage Depot,Other Point of Interest,RETAIL,VINTAGE CLOTHING,43.65445349,-79.40081034
564 W Dundas St,Win's Flowers,Other Point of Interest,RETAIL,SPECIALTY STORE,43.65272911,-79.40016671
564 Dundas St W,Win's Flowers,,RETAIL,SPECIALTY STORE,43.6525989,-79.4000984
267 Augusta Ave,Wine in the Market,Unknown,RETAIL,WINE/BEER/ALCOHOL SALES,43.65567569,-79.40221759
86 Nassau St,Yarns Untangled,Commercial Location,RETAIL,SPECIALTY STORE,43.65512995,-79.40341965
346 Spadina Ave,You & Me,Commercial Location,RETAIL,NEW CLOTHING,43.65414419,-79.3990813
640 Dundas St W,Yu Cheng Enterprises Ltd,,RETAIL,SPECIALTY STORE,43.6520381,-79.4027385
160 Baldwin St,1 Leaf,Unknown,SERVICES,OTHER,43.65513707,-79.40001602
153 Augusta Ave,Aerotime Airport Limo Taxi,Unknown,SERVICES,CAR RENTAL,43.65268198,-79.40099645
526 Dundas St W,Asian Tropical Tours Ltd,,SERVICES,OTHER,43.6529648,-79.3983619
181 Baldwin St,Atm,Unknown,SERVICES,OTHER,43.65466927,-79.40050715
196 Baldwin St,Atm,Unknown,SERVICES,OTHER,43.65481686,-79.40148005
303 Augusta Ave,Atm,Commercial Location,SERVICES,OTHER,43.6565853,-79.4025782
56 Kensington Ave,ATM,,SERVICES,OTHER,43.6542262,-79.4006153
61 Bellevue Ave,Atm,Unknown,SERVICES,OTHER,43.65492511,-79.40333578
69 Nassau St,Atm,Unknown,SERVICES,OTHER,43.65500872,-79.40264191
60 Kensington Ave,Atm,,SERVICES,OTHER,43.6543073,-79.4006467
A-24 Kensington Ave,Baris Painting & Stucco,,SERVICES,OTHER,43.6536552,-79.4002845
580 W Dundas St,Beauty Salon/Heng Salon,Other Point of Interest,SERVICES,SALON,43.65266131,-79.40059217
95 Bellevue Ave,Bellevue Child Care Ctr,Public School - Primary,SERVICES,OTHER,43.65645832,-79.40384267
334 Spadina Ave,Blue Swan Hair Stylists,Other Point of Interest,SERVICES,SALON,43.65389631,-79.39885096
77 Nassau St,Bristol Rentals Inc,,SERVICES,OTHER,43.654941,-79.4030477
333 College St,Budget Truck Rental,Unknown,SERVICES,CAR RENTAL,43.65730782,-79.4024451
530 Dundas St W,Canada Safe Driving School,,SERVICES,OTHER,43.6529572,-79.3983913
69 Oxford St,Cargo Taxi,Unknown,SERVICES,OTHER,43.65593528,-79.40245235
21 Nassau St,Catherine Nasmith Architect,Unknown,SERVICES,OTHER,43.65550859,-79.39992371
48 Oxford St,CEZ Inc,Unknown,SERVICES,OTHER,43.65645634,-79.40190313
584 Dundas St W,Clean Cuts,,SERVICES,SALON,43.6524642,-79.400685
150 Augusta Ave,Coin Laundry,Commercial Location,SERVICES,LAUNDROMAT/DRY CLEANERS,43.65270137,-79.4016406
311 Augusta Ave,Coin Wash,Unknown,SERVICES,LAUNDROMAT/DRY CLEANERS,43.65677991,-79.40266222
2 Kensington Ave,Crows Nest Barber Shop,Commercial Location,SERVICES,SALON,43.65287287,-79.40022932
354 Spadina Ave,Dabinjia,Unknown,SERVICES,SALON,43.65454428,-79.39906357
626 W Dundas St,Dignity Auto Repair & Service + Penske Truck Rental,Commercial Location,SERVICES,OTHER,43.65233033,-79.40208294
7 Kensington Ave,Dreamland Hair Salon,Other Point of Interest,SERVICES,SALON,43.65283382,-79.39974439
91 Oxford St,Enginess,Unknown,SERVICES,OTHER,43.65575219,-79.4036048
1-91 Oxford St,Enginess,,SERVICES,OTHER,43.6559632,-79.4033226
307 Augusta Ave,Eureka Furniture Assembly,,SERVICES,OTHER,43.656668,-79.4027228
A-339 College St,First Stop Financial Svc Group,,SERVICES,OTHER,43.6572998,-79.4034527
38 Bellevue Ave,Fogo Retrofit Inc,Unknown,SERVICES,OTHER,43.65402785,-79.40354648
17 Leonard Ave,Friendly Decoration,Unknown,SERVICES,OTHER,43.65303854,-79.40400319
19 Kensington Ave,Globalaware,Other Point of Interest,SERVICES,OTHER,43.65313144,-79.39985063
207 Ave Augusta,Gorilla Media Inc,,SERVICES,OTHER,43.6539645,-79.4016233
138 Augusta Ave,Grace Hair Salon,Mixed Use,SERVICES,SALON,43.65234291,-79.40147019
145 Augusta Ave,Grace Salon,,SERVICES,SALON,43.6525046,-79.4010413
35 Bellevue Ave,Green P Parking,Parking Lot,SERVICES,OTHER,43.65425705,-79.4030739
206-250 Augusta Ave,Guy Who Fixes Computers,,SERVICES,OTHER,43.6555725,-79.4028644
419 College St,Hack the Entrepreneur-Seo,Commercial Location,SERVICES,OTHER,43.6564704,-79.406875
71 Oxford St,Head To Toe Health Center,,SERVICES,OTHER,43.6559571,-79.4028675
15 Lippincott St,Health Value Floor Mills Ltd,,SERVICES,OTHER,43.65511,-79.4057322
544 W Dundas St,Heang's Hair Salon + Golden Sea Video + So Khai Income Tax,Commercial Location,SERVICES,SALON,43.65293297,-79.39935561
A-321 Augusta Ave,Holness Hylton Inc,,SERVICES,OTHER,43.6562916,-79.4027371
87 Bellevue Ave,Homes First Society,Other Office Building,SERVICES,OTHER,43.65618786,-79.40360456
145 Augusta Ave,House of Energy,Mixed Use,SERVICES,OTHER,43.65255154,-79.40095009
283 Augusta Ave,Humming Magazine,mixed use,SERVICES,OTHER,43.65599447,-79.40234546
403-302 Spadina Ave,Immica Consultation Inc,,SERVICES,OTHER,43.6536491,-79.3984188
310 Spadina Ave,International Business Ntwrk,Other Office Building,SERVICES,OTHER,43.65343877,-79.39886095
,Johny Love Photography,,SERVICES,OTHER,43.6536299,-79.3986306
75 Kensington Ave,K I D Ink,Mixed use,SERVICES,TATTOO,43.65462299,-79.40049918
310 Spadina Ave,Kamai Hair Design,Other Office Building,SERVICES,SALON,43.65343877,-79.39886095
99 Bellevue Ave,Keystone Energy Solutions,,SERVICES,OTHER,43.6567118,-79.4038918
77 Av Kensington,Kromes Roses,,SERVICES,SALON,43.6546268,-79.4005121
152 Augusta Ave,Krudar Muay Thai,,SERVICES,GYM,43.6527622,-79.4014568
580 Dundas St W,Liberty Tax Svc,,SERVICES,OTHER,43.6524884,-79.4005712
201-294 Spadina Ave,Life Insurance Information Ctr,,SERVICES,OTHER,43.6536491,-79.3984188
614 W Dundas St,Lotus Hair Salon,Other Point of Interest,SERVICES,SALON,43.65237295,-79.40166876
148 Augusta Ave,Market St Pharmacy,Commercial Location,SERVICES,TATTOO,43.65259431,-79.40156912
5-707 Dundas St W,Matchbox Tattoo Co Inc,,SERVICES,TATTOO,43.6519365,-79.4043572
160 Baldwin St,MCB Architectural Models,Unknown,SERVICES,OTHER,43.65513707,-79.40001602
2-284 College St,Media Headquarters Film & TV,,SERVICES,OTHER,43.6578562,-79.400742
562 Dundas St W,New Fashion Hair Design,,SERVICES,SALON,43.652597,-79.400059
562 W Dundas St,New Fashion Hair Stylist,Other Point of Interest,SERVICES,SALON,43.65274655,-79.40008859
294 Spadina Ave,New Golden Horse Tours Canada,Unknown,SERVICES,OTHER,43.65304535,-79.39852119
19 Kensington Ave,Newland Bayizga Constr Ltd,Other Point of Interest,SERVICES,OTHER,43.65313144,-79.39985063
200-91 Oxford St,Normative Design Inc,,SERVICES,OTHER,43.6559632,-79.4033226
9A Casimir St,Oksana Mansour Photography,Unknown,SERVICES,OTHER,43.65230055,-79.40376554
560 W Dundas St,People Hair Salon,Other Point of Interest,SERVICES,SALON,43.65270365,-79.39971424
6-145 Augusta Ave,Polyester Studio,,SERVICES,OTHER,43.6530778,-79.4014355
650 W Dundas St,Portugal Auto Garage,Commercial Location,SERVICES,OTHER,43.65213674,-79.40312622
650 Dundas St W,Portugal Auto Garage,,SERVICES,OTHER,43.651971,-79.40304
301 College St,President's Choice Fncl,,SERVICES,OTHER,43.657462,-79.4015575
396 Spadina Ave,Printorium Toronto,Unknown,SERVICES,OTHER,43.65562573,-79.39948644
161 Baldwin St,Prospects International,Commercial Location,SERVICES,OTHER,43.65473698,-79.39986897
429 College St,RBC Royal Bank,Other Office Building,SERVICES,OTHER,43.65629181,-79.40728803
283B Augusta Ave,Reactive Ink Tattoos,mixed use,SERVICES,TATTOO,43.65599447,-79.40234546
317 College St,S&K Cleaners,Unknown,SERVICES,LAUNDROMAT/DRY CLEANERS,43.65744156,-79.40187594
48 Oxford St,SCIENTIFIC & Technical Trnsltn,Unknown,SERVICES,OTHER,43.65645634,-79.40190313
292 Spadina Ave,Scotiabank,Other Office Building,SERVICES,OTHER,43.65297381,-79.39844046
2-444 Bathurst St,Smiley Guy Studios,,SERVICES,OTHER,43.6532984,-79.4064188
271 College St,Sports For Disabled Yearbook,Unknown,SERVICES,OTHER,43.6576888,-79.40055713
15 Carlyle St,Starling Automotive Inc.,Commercial Location,SERVICES,OTHER,43.65238287,-79.40453091
302 Spadina Ave,Sunwise Investment Ltd,Other Medical/Dental,SERVICES,OTHER,43.65335009,-79.39859335
610 W Dundas St,Superstar Beauty Salon,Other Point of Interest,SERVICES,SALON,43.65238487,-79.40161087
610 Dundas St W,Superstar Beauty Saloon,,SERVICES,SALON,43.6522503,-79.4016417
19 Kensington Ave,Supportive Touch,Other Point of Interest,SERVICES,MASSAGE,43.65313144,-79.39985063
178 Baldwin St,Tacos 101 and Fruta Libre,Unknown,SERVICES,TATTOO,43.65493317,-79.40090657
576 W Dundas St,The Good Geisha,Other Point of Interest,SERVICES,SALON,43.65261544,-79.40051696
24 Kensington Ave,The Pearl Harbor,Other Point of Interest,SERVICES,TATTOO,43.65341559,-79.40045463
291 Augusta Ave,Ti Colibri,,SERVICES,OTHER,43.6563359,-79.4026074
530 Dundas St W,Toronto Employment-Social Svc,,SERVICES,OTHER,43.6529572,-79.3983913
674 Dundas St W,Toronto Fire Dept,,SERVICES,OTHER,43.6518512,-79.4036296
1-438 Spadina Ave,Toronto Hair Care Inc,,SERVICES,SALON,43.6569426,-79.3999368
19 Kensington Ave,Toronto Shiatsu,Other Point of Interest,SERVICES,MASSAGE,43.65313144,-79.39985063
73 Kensington Ave,Tribal Eye,Other Point of Interest,SERVICES,SALON,43.65451438,-79.40048922
302 Spadina Ave,Vietnam Paralegal Svc,Other Medical/Dental,SERVICES,OTHER,43.65335009,-79.39859335
73 Oxford St,Ward Jonathan,Unknown,SERVICES,OTHER,43.65589444,-79.40281988
574 Dundas St W,Western Union Agent Location,,SERVICES,OTHER,43.6525246,-79.4004005
77 Nassau St,Wheels 4 Rent,,SERVICES,OTHER,43.654941,-79.4030477
291 College St,World Car Park Management Inc,Unknown,SERVICES,CAR RENTAL,43.65754065,-79.40112454
353 College St,Yongnian Qin,Other Point of Interest,SERVICES,LAUNDROMAT/DRY CLEANERS,43.65705896,-79.40348602
336 Spadina Ave,You and Me,Other Point of Interest,SERVICES,SALON,43.65395656,-79.39886297
2-326 Spadina Ave,Zhen Zhen Health Ctr,,SERVICES,SALON,43.6536491,-79.3984188
2-707 Dundas St W,Alexandra Park Learn Ctr,,SOCIAL/COMMUNITY,EDUCATIONAL SPACE,43.6519365,-79.4043572
21 Nassau St,Ballet Jorgen,Unknown,SOCIAL/COMMUNITY,EDUCATIONAL SPACE,43.65550859,-79.39992371
401 College St,Boards-Edu Pour La Ville De,Public School - Primary,SOCIAL/COMMUNITY,EDUCATIONAL SPACE,43.6564064,-79.40573477
310 Spadina Ave,Canada China Student Assn,Other Office Building,SOCIAL/COMMUNITY,COMMUNITY ASSOCIATION,43.65343877,-79.39886095
568 Dundas St W,Chaeo Chow Assn-Eastern Canada,,SOCIAL/COMMUNITY,COMMUNITY ASSOCIATION,43.6525608,-79.4002297
568 W Dundas St,Chao Chow Association of Ontario,Other Point of Interest,SOCIAL/COMMUNITY,COMMUNITY ASSOCIATION,43.65272911,-79.40026185
302 Spadina Ave,Chinese Canadian National Cncl,Other Medical/Dental,SOCIAL/COMMUNITY,COMMUNITY ASSOCIATION,43.65335009,-79.39859335
103 Bellevue Ave,Dance Studio of Toronto,Place of Worship,SOCIAL/COMMUNITY,EDUCATIONAL SPACE,43.65696747,-79.40398339
60 Kensington Ave,Development Education Ctr,,SOCIAL/COMMUNITY,EDUCATIONAL SPACE,43.6543073,-79.4006467
462 Spadina Ave,El Mocambo,Hotel,SOCIAL/COMMUNITY,EDUCATIONAL SPACE,43.65750969,-79.40024162
132 Nassau St,First Candn Portuguese Club,Unknown,SOCIAL/COMMUNITY,COMMUNITY ORGANIZATION,43.65475688,-79.40546415
87 Bellevue Ave,First Russian Congregation,Other Office Building,SOCIAL/COMMUNITY,HOUSE OF WORSHIP,43.65618786,-79.40360456
171 Augusta Ave,Fu-Kien Society,Mixed Use,SOCIAL/COMMUNITY,COMMUNITY ASSOCIATION,43.65318139,-79.40116231
217 Augusta Ave,Hainan Association,,SOCIAL/COMMUNITY,COMMUNITY ORGANIZATION,43.6541857,-79.4017115
217 Augusta Ave,Hainan Association of Ontario,Community/Assembly Hall,SOCIAL/COMMUNITY,COMMUNITY ORGANIZATION,43.65420527,-79.40157358
310 Spadina Ave,Hoi Ping Benevolent Society,Other Office Building,SOCIAL/COMMUNITY,COMMUNITY ASSOCIATION,43.65343877,-79.39886095
548 Dundas St W,Hong Luck Kung Fu Club,,SOCIAL/COMMUNITY,COMMUNITY ASSOCIATION,43.6529229,-79.3985237
401 College St,Kensington Community School Jr,Public School - Primary,SOCIAL/COMMUNITY,EDUCATIONAL SPACE,43.6564064,-79.40573477
401 College St,Kensington Kids Early Learning,Public School - Primary,SOCIAL/COMMUNITY,EDUCATIONAL SPACE,43.6564064,-79.40573477
160 Baldwin St,Kensington Market Action Comm,Unknown,SOCIAL/COMMUNITY,COMMUNITY ORGANIZATION,43.65513707,-79.40001602
25 Bellevue Ave,Kiever Shul,Place of Worship,SOCIAL/COMMUNITY,HOUSE OF WORSHIP,43.65377553,-79.40288402
215 Augusta Ave,Lao-Chinese Association of Ontario,Community/Assembly Hall,SOCIAL/COMMUNITY,COMMUNITY ASSOCIATION,43.65417166,-79.40156311
25 Leonard Ave,New Socialist Group,Other Medical/Dental,SOCIAL/COMMUNITY,OTHER,43.65382603,-79.40412487
132 Nassau St,Portuguese Evangelical Church,Unknown,SOCIAL/COMMUNITY,HOUSE OF WORSHIP,43.65475688,-79.40546415
442 Spadina Ave,Red Lounge,Unknown,SOCIAL/COMMUNITY,EDUCATIONAL SPACE,43.6570295,-79.4001371
400-340 College St,Royal International College,,SOCIAL/COMMUNITY,EDUCATIONAL SPACE,43.6572998,-79.4034527
25 Leonard Ave,St Clare's Multifaith Housing,Other Medical/Dental,SOCIAL/COMMUNITY,OTHER,43.65382603,-79.40412487
91 Bellevue Ave,St Stephen's Community House,Community/Assembly Hall,SOCIAL/COMMUNITY,COMMUNITY ORGANIZATION,43.65626872,-79.40384351
103 Bellevue Ave,St-Stephen-In-The-Fields Angli,Place of Worship,SOCIAL/COMMUNITY,HOUSE OF WORSHIP,43.65696747,-79.40398339
260 Augusta Ave,St. Stephen's Community House,Community Housing,SOCIAL/COMMUNITY,COMMUNITY ORGANIZATION,43.6564494,-79.40315325
548 W Dundas St,Toonto Hung Luck Kung Fu Association,Other Point of Interest,SOCIAL/COMMUNITY,COMMUNITY ASSOCIATION,43.65284668,-79.39948837
297 College St,Zen Buddhist Temple,Unknown,SOCIAL/COMMUNITY,HOUSE OF WORSHIP,43.65719255,-79.40147029
191 Baldwin St,Vacant,Unknown,VACANT,VACANT,43.6545061,-79.40124083
193 Baldwin St,Vacant,Unknown,VACANT,VACANT,43.65446405,-79.401406
199 Augusta Ave,Vacant,Unknown,VACANT,VACANT,43.6538059,-79.40147646
203 Augusta Ave,Vacant,Unknown,VACANT,VACANT,43.6539222,-79.40146812
252 Augusta Ave,Vacant,Mixed use,VACANT,VACANT,43.65570949,-79.40278858
274 Augusta Ave,Vacant,Other Point of Interest,VACANT,VACANT,43.6567103,-79.40328354
283 College St,Vacant,Unknown,VACANT,VACANT,43.65757069,-79.40081795
298 Spadina Ave,Vacant,Unknown,VACANT,VACANT,43.65318402,-79.39858825
340 Spadina Ave,Vacant,Other Point of Interest,VACANT,VACANT,43.65405503,-79.39888517
390 Spadina Ave,Vacant,Unknown,VACANT,VACANT,43.65547729,-79.39952901
420 Spadina Ave,Vacant,Unknown,VACANT,VACANT,43.6563344,-79.39980617
55 Kensington Ave,vacant,Unknown,VACANT,VACANT,43.65397983,-79.40012995
56 Kensington Ave,Vacant,Land Trust,VACANT,VACANT,43.65416278,-79.4006124
67 Kensington Ave,Vacant,Other Point of Interest,VACANT,VACANT,43.65438003,-79.40044538
69 Kensington Ave,Vacant,Other Point of Interest,VACANT,VACANT,43.65441514,-79.40045833
88 Nassau St,Vacant,Commercial Location,VACANT,VACANT,43.65514094,-79.40335977
392 Spadina Ave,Canadian Watch,Unknown,RETAIL,SPECIALTY STORE,43.65554626,-79.39946194
161 Baldwin St,Creative,Commercial Location,RETAIL,SPECIALTY STORE,43.65473698,-79.39986897
4 Kensington Ave,Hi,Other Point of Interest,RETAIL,NEW CLOTHING,43.65291436,-79.40025747
398 Spadina Ave,Newark International Ltd.,Unknown,RETAIL,SPECIALTY STORE,43.65567738,-79.3995171
161 Baldwin St,Shan Interprises,Commercial Location,RETAIL,NEW CLOTHING,43.65473698,-79.39986897