address,name,fcode_des,category_borealis,subcategory_borealis,category_original,subcategory_original,lat,long
10 Kensington Ave,Urban Catwalk,Other Point of Interest,,,RETAIL,VINTAGE CLOTHING,43.65309175,-79.40031364
10 St Andrew St,Anshei Minsk Synagogue,Place of Worship,,,SOCIAL/COMMUNITY,HOUSE OF WORSHIP,43.6544636,-79.39952646
12 Kensington Ave,Last Temptation,Other Point of Interest,Restaurants,Full-Service Restaurants,RESTAURANT AND BARS,EAT-IN RESTAURANT / CAFE,43.6531333,-79.40042739
138 Augusta Ave,Grace Hair Salon,Mixed Use,,,SERVICES,SALON,43.65234291,-79.40147019
14 Kensington Ave,Courage My Love,Other Point of Interest,Clothing-Used,Used Merchandise Retailers,RETAIL,VINTAGE CLOTHING,43.65318265,-79.40044691
14 St Andrew St,Genesis One,Other Point of Interest,,,RETAIL,SPECIALTY STORE,43.65440336,-79.39964957
143 Augusta Ave,Retro Heads Vintage,Mixed Use,,,RETAIL,VINTAGE CLOTHING,43.65250527,-79.40092253
144 Augusta Ave,Tattoo Studio,Commercial Location,,,SERVICES,TATTOO,43.65258174,-79.4015754
145 Augusta Ave,Polyester Studio,Mixed Use,,,ARTS & PERFORMANCE,FINE ARTS STUDIO,43.65255154,-79.40095009
145 Augusta Ave,Weekend Characters,,,,RETAIL,NEW CLOTHING,43.6525046,-79.4010413
146 Augusta Ave,Vintage Outlaws,Commercial Location,,,RETAIL,VINTAGE CLOTHING,43.65257193,-79.40156031
146 Augusta Ave,Kim's Fashions,,,,SERVICES,OTHER,43.652533,-79.4013664
147 Baldwin St,Spaghetti House,Unknown,Restaurants,Full-Service Restaurants,RESTAURANT AND BARS,EAT-IN RESTAURANT / CAFE,43.65491409,-79.39947623
149 Augusta Ave,Dy Nail Studio,Commercial Location,,,RETAIL,SALON,43.65253979,-79.40155517
149 Baldwin St,The Jerk Spot,Unknown,Restaurants,Full-Service Restaurants,RESTAURANT AND BARS,TAKE-OUT RESTAURANT,43.65491304,-79.3995359
14a St Andrew St,Tree's In The Six,,,,RETAIL,CANNABIS,,
15 Carlyle St,Starling Automotive,Commercial Location,Automobile Repairing & Service,General Automotive Repair,SERVICES,OTHER,43.65238287,-79.40453091
150 Augusta Ave,Augusta Coin Laundry,Commercial Location,Laundries-Self Service,Coin-Operated Laundries and Drycleaners,SERVICES,LAUNDROMAT/DRY CLEANERS,43.65270137,-79.4016406
151 Augusta Ave,Turtle Island Company,Mixed Use,,,RETAIL,CANNABIS,43.65272927,-79.40102915
152 Augusta Ave,Casa Morales,,Martial Arts Instruction,Sports and Recreation Instruction,RESTAURANT AND BARS,EAT-IN RESTAURANT / CAFE,43.6527622,-79.4014568
152 Augusta Ave,Krudar Thai Boxing,Commercial Location,Martial Arts Instruction,Sports and Recreation Instruction,SERVICES,OTHER,43.6527717,-79.40164702
153 Augusta Ave,Aerotime Airport Limo Taxi,Unknown,Limousine Service,Limousine Service,SERVICES,CAR RENTAL,43.65268198,-79.40099645
155 Augusta Ave,Gia Phat Co,Mixed Use,Grocers-Retail,Supermarkets and Other Grocery Retailers (except C,MEDICAL,PHARMACY/MEDICAL SUPPLY,43.65280854,-79.40103661
155A Augusta Ave,Gia Phat Company,Unknown,,,MEDICAL,PHARMACY/MEDICAL SUPPLY,43.65278597,-79.40105147
156 Augusta Ave,156 Studio,Commercial Location,,,ARTS & PERFORMANCE,RECORDING STUDIO,43.65284485,-79.4017018
157 Augusta Ave,Tin Sing International Trading Inc.,Mixed Use,,,MEDICAL,PHARMACY/MEDICAL SUPPLY,43.65284528,-79.40104208
158 Augusta Ave,Midnight Arcade,Commercial Location,,,RESTAURANT AND BARS,BAR,43.6529226,-79.40167929
159 Augusta Ave,Handlebar,Commercial Location,,,RESTAURANT AND BARS,BAR,43.65293028,-79.40105378
16 Kensington Ave,Miriam And Micah Vintage,Mixed use,,,RETAIL,VINTAGE CLOTHING,43.65322894,-79.40037483
160 Augusta Ave,CAAM Hardware,Mixed Use,Hardware-Retail,Hardware Retailers,RETAIL,HARDWARE,43.65292827,-79.40170384
160 Baldwin St,1 Leaf,Unknown,Prepackaged Software,Software Publishers,SERVICES,OTHER,43.65513707,-79.40001602
160 Baldwin St,Veggie D'Light,Unknown,Condominiums,Lessors of Residential Buildings and Dwellings,RESTAURANT AND BARS,TAKE-OUT RESTAURANT,43.65513707,-79.40001602
160 Baldwin St,Kensington Market BIA,,,,SOCIAL/COMMUNITY,COMMUNITY ASSOCIATION,43.6549889,-79.4001665
160 Baldwin St #3,Veggie D’Light,,,,RESTAURANT AND BARS,TAKE-OUT RESTAURANT,,
160 Baldwin St #8,Little Pebbles Cafe,,,,RESTAURANT AND BARS,EAT-IN RESTAURANT / CAFE,,
160 Baldwin St #9,Wilbe Bloomin,,,,RETAIL,SPECIALTY STORE,43.6549889,-79.4001665
160 Baldwin St #?,Eat Nabati,,,,RESTAURANT AND BARS,EAT-IN RESTAURANT / CAFE,43.6549889,-79.4001665
160 Baldwin St #?,Taco Loco,,,,RESTAURANT AND BARS,EAT-IN RESTAURANT / CAFE,43.6549889,-79.4001665
160 Dalwin St #7a,CRUMBS GOURMET PATTIES,,,,RESTAURANT AND BARS,TAKE-OUT RESTAURANT,,
161 Baldwin St #1,Dipped Donuts,,,,FOODSTUFFS,BAKERY/PREPARED FOODS,,
161 Baldwin St #4,03 Hair Salon,,,,SERVICES,SALON,,
161 Baldwin St #?,Tibetan Boutique,,,,RETAIL,SPECIALTY STORE,43.6548671,-79.3997524
165 Augusta Ave,San Cafe,Mixed Use,,,RESTAURANT AND BARS,EAT-IN RESTAURANT / CAFE,43.65309907,-79.40111314
167 Augusta Ave,U Can Vape,Mixed Use,,,RETAIL,VAPE,43.65311932,-79.40118264
168 Baldwin St,House of Moses,Unknown,,,RETAIL,SPECIALTY STORE,43.65494948,-79.40049557
169 Augusta Ave,Dream Basic E-Commerce,Unknown,,,RETAIL,OTHER,43.65308346,-79.40116853
17 Kensington Ave,Dancing Days,Commercial Location,Women's Apparel-Retail,Clothing and Clothing Accessories Retailers,RETAIL,NEW CLOTHING,43.65309498,-79.39984414
170 Baldwin St,Kenssington Sound,Unknown,,,ARTS & PERFORMANCE,RECORDING STUDIO,43.65500253,-79.40057796
171 Baldwin St,Caribbean Corner,Unknown,Grocers-Retail,Supermarkets and Other Grocery Retailers (except C,FOODSTUFFS,RAW FOODS & DRY GOODS,43.65470312,-79.40021217
172 Baldwin St,Blackbird Baking Co. Kensington Market,Unknown,Bakers-Retail,Retail Bakeries,FOODSTUFFS,BAKERY/PREPARED FOODS,43.65498191,-79.40063477
173 Baldwin St,Interesting Things,Unknown,,,RETAIL,SPECIALTY STORE,43.65470501,-79.40030253
175 Baldwin St,KENSINGTON MELODY,Unknown,,,RETAIL,SPECIALTY STORE,43.65467478,-79.40035133
176 Baldwin St,Sanigan's Meat Locker,Unknown,,,FOODSTUFFS,RAW FOODS & DRY GOODS,43.65493802,-79.40083346
178 Baldwin St,Tacos 101 and Fruta Libre,Unknown,Restaurants,Full-Service Restaurants,RESTAURANT AND BARS,TAKE-OUT RESTAURANT,43.65493317,-79.40090657
180 Baldwin St,COAL AND CURRY,Unknown,,,RESTAURANT AND BARS,EAT-IN RESTAURANT / CAFE,43.65487347,-79.40092093
181 Augusta Ave,Sinaloa Factory Kensington,Mixed Use,,,RESTAURANT AND BARS,EAT-IN RESTAURANT / CAFE,43.65337794,-79.40124548
181 Baldwin St,ATM,Unknown,Atm-Automated Teller Machines,Commercial Banking,SERVICES,OTHER,43.65466927,-79.40050715
182 Augusta Ave,Amadeus Restaurant,Commercial Location,Restaurants,Full-Service Restaurants,RESTAURANT AND BARS,EAT-IN RESTAURANT / CAFE,43.65400197,-79.40201542
182 Baldwin St,Cheese Magic,Unknown,Dairy Products-Retail,All Other Specialty Food Retailers,FOODSTUFFS,RAW FOODS & DRY GOODS,43.65489235,-79.40103669
183 Augusta Ave,Artographics Ltd.,,Attorneys,Offices of Lawyers,ARTS & PERFORMANCE,GALLERY,43.6534337,-79.4014114
184 Augusta Ave,Burdock Brewery Kensington Tavern,Commercial Location,,,RESTAURANT AND BARS,BAR,43.65403658,-79.40202666
184 Baldwin St,6x8 Market,Unknown,,,RETAIL,SPECIALTY STORE,43.65487915,-79.40111286
187 Baldwin St,Golden Patty,Unknown,Bakers-Retail,Retail Bakeries,FOODSTUFFS,BAKERY/PREPARED FOODS,43.65457087,-79.40111098
188 Augusta Ave,Pizzeria Via Mercanti,Commercial Location,Restaurants,Full-Service Restaurants,RESTAURANT AND BARS,EAT-IN RESTAURANT / CAFE,43.65408944,-79.40204287
189 Augusta,Kwong Hoi Association,,,,SOCIAL/COMMUNITY,COMMUNITY ASSOCIATION,,
189 Augusta Ave,Baazigar,Commercial Location,,,RESTAURANT AND BARS,EAT-IN RESTAURANT / CAFE,43.65356986,-79.40137976
189 Baldwin St,Sea Kings,Unknown,Seafood-Retail,Fish and Seafood Retailers,FOODSTUFFS,RAW FOODS & DRY GOODS,43.65451898,-79.40117931
19 Kensington Ave,Kensington Studios,Other Point of Interest,Stucco Contractors,Masonry Contractors,ARTS & PERFORMANCE,PERFORMANCE SPACE,43.65313144,-79.39985063
190 Augusta Ave,Carlos House of Spice,Commercial Location,Spices,All Other Specialty Food Retailers,FOODSTUFFS,RAW FOODS & DRY GOODS,43.65413804,-79.40207632
190 Baldwin St,Tom's Place,Unknown,Men's Clothing & Furnishings-Retail,Clothing and Clothing Accessories Retailers,RETAIL,VINTAGE CLOTHING,43.65484357,-79.40128125
191 Baldwin St,Jimmy's On Baldwin,Unknown,Coffee Shops,Snack and Nonalcoholic Beverage Bars,RESTAURANT AND BARS,EAT-IN RESTAURANT / CAFE,43.6545061,-79.40124083
192 Augusta Ave,King's Cafe,Unknown,Restaurants,Full-Service Restaurants,RESTAURANT AND BARS,EAT-IN RESTAURANT / CAFE,43.65422072,-79.40215558
194 Augusta Ave,King's Cafe,Unknown,,,RESTAURANT AND BARS,EAT-IN RESTAURANT / CAFE,43.65425535,-79.40217182
194 Augusta Ave,CMT,Unknown,,,OFFICES,OFFICE SPACE,43.6542226,-79.40223336
196 Augusta Ave,Hungry Thai Bar & Eatery,Unknown,Restaurants,Full-Service Restaurants,RESTAURANT AND BARS,EAT-IN RESTAURANT / CAFE,43.65429514,-79.40219658
196 Baldwin St,ATM,Unknown,Atm-Automated Teller Machines,Commercial Banking,SERVICES,OTHER,43.65481686,-79.40148005
198 Augusta Ave,Knock Out Wings,Mixed use,Restaurants,Full-Service Restaurants,RESTAURANT AND BARS,EAT-IN RESTAURANT / CAFE,43.65435659,-79.40223253
198 Baldwin St,Coral Sea,Unknown,Seafood-Retail,Fish and Seafood Retailers,FOODSTUFFS,RAW FOODS & DRY GOODS,43.65480605,-79.40153588
199 Augusta Ave,Grey Gardens,Unknown,Eating Disorders Info & Treatment Ctrs,Offices of All Other Miscellaneous Health Practiti,RESTAURANT AND BARS,EAT-IN RESTAURANT / CAFE,43.6538059,-79.40147646
2 Kensington Ave,Crows Nest Barbershop,Commercial Location,Barbers,Barber Shops,SERVICES,SALON,43.65287287,-79.40022932
200 Augusta Ave,Pancho y Emiliano,Mixed use,,,RESTAURANT AND BARS,EAT-IN RESTAURANT / CAFE,43.65439101,-79.40223054
200 Baldwin St,Latin Taste,Unknown,,,RESTAURANT AND BARS,TAKE-OUT RESTAURANT,43.65467229,-79.40162582
201 Augusta Ave,Fresh Co's Fish and Chips,Unknown,Restaurants,Full-Service Restaurants,RESTAURANT AND BARS,EAT-IN RESTAURANT / CAFE,43.65384792,-79.40143514
202 Augusta Ave,Longboard Living,Unknown,Bicycle Racks & Security Systems,Sporting Goods Retailers,RETAIL,SPECIALTY STORE,43.65445522,-79.40229762
202 Baldwin St,Kensington Vape,Unknown,Foods-Natural,Food (health) Supplement Retailers,RETAIL,VAPE,43.65466195,-79.40167443
203 Augusta Ave,Kensington Social,Unknown,,,RESTAURANT AND BARS,BAR,43.6539222,-79.40146812
204 Augusta Ave,Roach Orama,Unknown,Cigar Cigarette & Tobacco Dealers-Retail,"Tobacco, Electronic Cigarette, and Other Smoking S",RETAIL,CANNABIS,43.65448785,-79.40228296
204 Baldwin St,Inky Dinky Tattoo and Piercing,Unknown,,,SERVICES,TATTOO,43.65465242,-79.40172317
205 Augusta Ave,Kid Icarus,Unknown,Screen Printing (mfrs),Commercial Screen Printing,RETAIL,SPECIALTY STORE,43.65396811,-79.4015261
206 Baldwin St,Sanagan's Meat Locker,Unknown,Meat-Retail,Meat Retailers,FOODSTUFFS,RAW FOODS & DRY GOODS,43.65464589,-79.40176944
206 Baldwin St,Hooked Kensington,Unknown,Seafood-Retail,Fish and Seafood Retailers,FOODSTUFFS,RAW FOODS & DRY GOODS,43.65464589,-79.40176944
207 Augusta Ave,Top Gun Burger,Unknown,Restaurants,Full-Service Restaurants,RESTAURANT AND BARS,EAT-IN RESTAURANT / CAFE,43.6540209,-79.40152107
209 Augusta Ave,Rikki Tikki,Unknown,,,RESTAURANT AND BARS,EAT-IN RESTAURANT / CAFE,43.65409649,-79.40152471
210 Augusta Ave,The Egmorean of South Kensington La Mooriyya Markette,Unknown,,,RETAIL,FLEA-MARKET STYLE,43.65466763,-79.40239851
213 Augusta Ave,Mike the Bike,Unknown,Bicycles-Dealers,Sporting Goods Retailers,RETAIL,SPECIALTY STORE,43.65413402,-79.40155003
213 Augusta Ave unit A/B,Haze Alley,,,,RETAIL,CANNABIS,,
214 Augusta Ave,Birria Catrina; El Gordo Fine Foods; Churros,Other Point of Interest,Courier Services,Couriers and Express Delivery Services,RESTAURANT AND BARS,TAKE-OUT RESTAURANT,43.65474213,-79.40234939
215 Augusta Ave,Lao-Chinese Association of Ontario,Community/Assembly Hall,,,SOCIAL/COMMUNITY,COMMUNITY ASSOCIATION,43.65417166,-79.40156311
217 Augusta Ave,The Hainan Association of Ontario,Community/Assembly Hall,,,SOCIAL/COMMUNITY,COMMUNITY ASSOCIATION,43.65420527,-79.40157358
217 Augusta Ave,King Of Kensington,,,,RETAIL,VINTAGE CLOTHING,43.6541857,-79.4017115
218 Augusta Ave,Kensington Flea Market Area,Other Point of Interest,,,RETAIL,FLEA-MARKET STYLE,43.65478826,-79.40240071
219 Augusta Ave,St. Stephen's Community House- Youth Arcade Studio,Unknown,,,SOCIAL/COMMUNITY,COMMUNITY ORGANIZATION,43.65426754,-79.40160855
220 Augusta Ave,Harry David Ltd.,Commercial Location,Clothing-Retail,Clothing and Clothing Accessories Retailers,RETAIL,SPECIALTY STORE,43.65484815,-79.40241597
221 Augusta Ave,The Green Post Health and Beauty,Unknown,Health & Diet Foods-Retail,Food (health) Supplement Retailers,FOODSTUFFS,RAW FOODS & DRY GOODS,43.6543116,-79.40163403
222 Augusta Ave,Shoney's Clothing,Other Point of Interest,Second Hand Stores,Used Merchandise Retailers,RETAIL,DISCOUNT STORES,43.65490228,-79.40239835
223 Augusta Ave,The Embassy,Commercial Location,Pubs,Drinking Places (alcoholic Beverages),RESTAURANT AND BARS,BAR,43.65434226,-79.40166014
224 Augusta Ave,Tapestry,Commercial Location,,,ARTS & PERFORMANCE,PERFORMANCE SPACE,43.65493852,-79.40246021
225 Augusta Ave,Gus Tacos,Unknown,Restaurants,Full-Service Restaurants,RESTAURANT AND BARS,TAKE-OUT RESTAURANT,43.65438074,-79.40165586
226 Augusta Ave,Daniel Safety Workwear,Commercial Location,Work Clothing-Retail,Clothing and Clothing Accessories Retailers,RETAIL,DISCOUNT STORES,43.65500177,-79.40246649
227 Augusta Ave,Augusta Coffee,Unknown,,,RESTAURANT AND BARS,EAT-IN RESTAURANT / CAFE,43.65441386,-79.4017629
229 Augusta Ave,Augusta Coffee,Unknown,,,RESTAURANT AND BARS,EAT-IN RESTAURANT / CAFE,43.65447435,-79.40178569
230 Augusta Ave,Film Cafe,Other Point of Interest,Restaurants,Full-Service Restaurants,RESTAURANT AND BARS,EAT-IN RESTAURANT / CAFE,43.65507201,-79.40250616
234 Augusta Ave,Dolce Gelato,Other Point of Interest,Restaurants,Full-Service Restaurants,RESTAURANT AND BARS,EAT-IN RESTAURANT / CAFE,43.65529813,-79.40260684
235 Augusta Ave,I Love Churros,Commercial Location,,,RESTAURANT AND BARS,EAT-IN RESTAURANT / CAFE,43.65463094,-79.40182885
235A Augusta Ave,Taqueria el pastorcito; LEYENDA,,,,RESTAURANT AND BARS,EAT-IN RESTAURANT / CAFE,43.648452,-79.3998044
236 Augusta Ave,The economy store,Other Point of Interest,,,RETAIL,VINTAGE CLOTHING,43.65535409,-79.40259812
237 Augusta Ave,PHO NGON DAT VIET 2,Commercial Location,,,RESTAURANT AND BARS,EAT-IN RESTAURANT / CAFE,43.65469872,-79.40179615
238 Augusta Ave,Nina's Brunch Restaurant,Other Point of Interest,,,RESTAURANT AND BARS,EAT-IN RESTAURANT / CAFE,43.65539836,-79.40263136
24 Bellevue Ave,Star Dot Geek Systems,Unknown,Computer & Equipment Dealers,Electronics and Appliance Retailers,RETAIL,SPECIALTY STORE,43.65370198,-79.40343076
24 Kensington Ave,The Pearl Harbor,Other Point of Interest,Tattooing,Other Personal Care Services,SERVICES,TATTOO,43.65341559,-79.40045463
240 Augusta Ave,Little Pebbles Bagels & Cafe,Other Point of Interest,Bakers-Retail,Retail Bakeries,RESTAURANT AND BARS,EAT-IN RESTAURANT / CAFE,43.65545527,-79.40263732
241 Augusta Ave,One Plant,Commercial Location,,,RETAIL,CANNABIS,43.6547955,-79.40182357
244 Augusta,The Dark Side Studio,,,,ARTS & PERFORMANCE,ARTS ORGANIZATION SPACE,43.6555183,-79.4026076
244 Augusta Ave,Bunner's Bakeshop,Commercial Location,Bakers-Retail,Retail Bakeries,FOODSTUFFS,BAKERY/PREPARED FOODS,43.65550768,-79.40274199
245 Augusta Ave,Jumbo Empanadas; Emporium Latino,Commercial Location,Restaurants,Full-Service Restaurants,RESTAURANT AND BARS,EAT-IN RESTAURANT / CAFE,43.65487956,-79.40191791
247 Augusta Ave,Perola's Supermarket,Other Point of Interest,Grocers-Retail,Supermarkets and Other Grocery Retailers (except C,FOODSTUFFS,RAW FOODS & DRY GOODS,43.65494255,-79.40195999
25 Bellevue Ave,The Kiever Shul,Place of Worship,Synagogues,Religious Organizations,SOCIAL/COMMUNITY,HOUSE OF WORSHIP,43.65377553,-79.40288402
250 Augusta Ave,Public Butter,Mixed use,Gift Shops,"Gift, Novelty, and Souvenir Retailers",RETAIL,VINTAGE CLOTHING,43.6555725,-79.4028644
250 Augusta Ave,SHVRK STUDIO,Unknown,Gift Shops,"Gift, Novelty, and Souvenir Retailers",ARTS & PERFORMANCE,FINE ARTS STUDIO,43.65559183,-79.40277279
251 Augusta Ave,T Dot Crispy Chicken,Commercial Location,Restaurants,Full-Service Restaurants,RESTAURANT AND BARS,EAT-IN RESTAURANT / CAFE,43.65507604,-79.40199242
252 Augusta Ave,Vistitudes of Hope,Mixed use,Psychotherapists,Offices of Mental Health Practitioners (except Phy,ARTS & PERFORMANCE,GALLERY,43.65570949,-79.40278858
252 Augusta Ave,Bureau Kensington,,Psychotherapists,Offices of Mental Health Practitioners (except Phy,OFFICES,OFFICE SPACE,43.6558697,-79.4027703
253 Augusta Ave,Pizzeria da Mario Kensington,Other Point of Interest,,,RESTAURANT AND BARS,EAT-IN RESTAURANT / CAFE,43.65511676,-79.40205921
254 Augusta Ave,Luxury Limo service,Other Point of Interest,,,SERVICES,CAR RENTAL,43.65575951,-79.40280385
254 Augusta Ave,Come As You Are,,,,RETAIL,SPECIALTY STORE,43.6559263,-79.4027925
255 Augusta Ave,Kensington Kitchen,Other Point of Interest,,,RESTAURANT AND BARS,EAT-IN RESTAURANT / CAFE,43.6551719,-79.40207
256 Augusta Ave,Otto’s Berlin Döner,Other Point of Interest,Restaurants,Full-Service Restaurants,RESTAURANT AND BARS,EAT-IN RESTAURANT / CAFE,43.65632464,-79.40304805
257 Augusta Ave,The Organic Press,Other Point of Interest,Grocers-Retail,Supermarkets and Other Grocery Retailers (except C,RESTAURANT AND BARS,EAT-IN RESTAURANT / CAFE,43.65539318,-79.40214081
259 Augusta Ave,Jessica Seasons Wear,Other Point of Interest,Women's Apparel-Retail,Clothing and Clothing Accessories Retailers,RETAIL,DISCOUNT STORES,43.65543679,-79.402086
260 Augusta Ave,St. Stephen's Community House,Community Housing,,,SOCIAL/COMMUNITY,COMMUNITY ORGANIZATION,43.6564494,-79.40315325
261 Augusta Ave,Sombrero by AFC Canada,Other Point of Interest,,,RETAIL,DISCOUNT STORES,43.65546562,-79.40216589
263 Augusta Ave,Dentist,Other Point of Interest,Dentists,Offices of Dentists,MEDICAL,DENTAL OFFICES,43.65552402,-79.40211818
267 Augusta Ave,Birria Catrina,Unknown,,,RESTAURANT AND BARS,EAT-IN RESTAURANT / CAFE,43.65567569,-79.40221759
268 Augusta Ave,Supermarket,Other Point of Interest,Restaurants,Full-Service Restaurants,ARTS & PERFORMANCE,PERFORMANCE SPACE,43.65658156,-79.4032267
268A Augusta Ave,The Wings Bistro,,,,RESTAURANT AND BARS,EAT-IN RESTAURANT / CAFE,43.648452,-79.3998044
269 Augusta Ave,The Burgernator,Unknown,Restaurants,Full-Service Restaurants,RESTAURANT AND BARS,EAT-IN RESTAURANT / CAFE,43.65562846,-79.40212387
27 Kensington Ave,Fashion Old and New,Mixed use,,,RETAIL,VINTAGE CLOTHING,43.65335069,-79.39985163
270 Augusta Ave,Paradise Bound,Other Point of Interest,Records Tapes & Compact Discs-Retail,Electronics and Appliance Retailers,RETAIL,SPECIALTY STORE,43.65663244,-79.40324902
271 Augusta Ave,Bungalow,Unknown,,,RETAIL,VINTAGE CLOTHING,43.65575339,-79.40220331
272 Augusta Ave,Sublime Catering,Mixed use,Caterers,Caterers,SERVICES,OTHER,43.65669962,-79.40318123
273 Augusta Ave,Bunglow,Other Point of Interest,Antiques-Dealers,Used Merchandise Retailers,RETAIL,VINTAGE CLOTHING,43.65576501,-79.40225391
274 Augusta Ave,Tattoos,Other Point of Interest,,,SERVICES,TATTOO,43.6567103,-79.40328354
275 Augusta Ave,Orbital Arts,Commercial Location,,,ARTS & PERFORMANCE,GALLERY,43.65589801,-79.402326
275 College St,Jump Plus,Unknown,Cellular Telephones (services),Wireless Telecommunications Carriers (except Satel,SERVICES,OTHER,43.65766507,-79.40060383
276 Augusta Ave,T.O. Dickens,Mixed use,,,RESTAURANT AND BARS,EAT-IN RESTAURANT / CAFE,43.65677865,-79.40324828
277 Augusta Ave,El Trompo,Unknown,Restaurants,Full-Service Restaurants,RESTAURANT AND BARS,EAT-IN RESTAURANT / CAFE,43.65591475,-79.4023148
277A Augusta Ave,El Trompo Tortilleria,Unknown,,,FOODSTUFFS,BAKERY/PREPARED FOODS,43.65591517,-79.40231496
278 Augusta Ave,Samesun Toronto,Unknown,,,LODGING,HOTEL / HOSTEL,43.65681774,-79.4032712
279 College St,Jump+,Unknown,,,RETAIL,SPECIALTY STORE,43.65765259,-79.40067411
28 St Andrew St,Sunday Cyclery,Commercial Location,,,RETAIL,SPECIALTY STORE,43.6542983,-79.40014747
281 College St,Mod Electronics,Unknown,Computer & Equipment Dealers,Electronics and Appliance Retailers,RETAIL,SPECIALTY STORE,43.65758725,-79.40073684
281A Augusta Ave,Koi Japan,mixed use,,,RESTAURANT AND BARS,EAT-IN RESTAURANT / CAFE,43.65593124,-79.4023215
283B Augusta Ave,Midway Tattoo,mixed use,Tattooing,Other Personal Care Services,SERVICES,TATTOO,43.65599447,-79.40234546
283 Augusta Ave,Humming Magazine,mixed use,Publishers-Magazine (mfrs),Periodical Publishers,SERVICES,OTHER,43.65599447,-79.40234546
283 College St,Awesome Tteokbokki,Unknown,Grocers-Retail,Supermarkets and Other Grocery Retailers (except C,RESTAURANT AND BARS,EAT-IN RESTAURANT / CAFE,43.65757069,-79.40081795
285 Augusta Ave,La Cevichería Bar & Grill,Other Point of Interest,Restaurants,Full-Service Restaurants,RESTAURANT AND BARS,EAT-IN RESTAURANT / CAFE,43.65603509,-79.40237502
285 Augusta Ave,John the Plumber,,Restaurants,Full-Service Restaurants,SERVICES,OTHER,43.6559975,-79.4024429
285 College St,Mi'hito Sushi Laboratory,Unknown,,,RESTAURANT AND BARS,EAT-IN RESTAURANT / CAFE,43.65752699,-79.40088873
287 Augusta Ave,Wanda's Pie in the Sky,Industrial Location,Bakers-Retail,Retail Bakeries,FOODSTUFFS,BAKERY/PREPARED FOODS,43.65628319,-79.40245865
287 College St,Baroness Bubble Tea,Unknown,Mailing & Shipping Services,Direct Mail Advertising,RESTAURANT AND BARS,TAKE-OUT RESTAURANT,43.65754537,-79.40093182
289 College St,Medicine wheel,,,,RETAIL,CANNABIS,43.6576188,-79.4010254
291 College St,Neighbourhood Dealer- U haul,Unknown,Truck Renting & Leasing,"Truck, Utility Trailer, and RV (recreational Vehic",SERVICES,CAR RENTAL,43.65754065,-79.40112454
292 Spadina Ave,Scotia Bank,Other Office Building,Banks,Commercial Banking,SERVICES,OTHER,43.65297381,-79.39844046
294 Spadina Ave,Family Physicians,Unknown,Travel Agencies & Bureaus,Travel Agencies,MEDICAL,MEDICAL OFFICES,43.65304535,-79.39852119
295 College St,Royal Care Walk-in Clinic,Unknown,Martial Arts Instruction,Sports and Recreation Instruction,MEDICAL,CLINIC,43.65747672,-79.40122993
296 Spadina Ave,King's Noodle Restaurant,Other Office Building,,,RESTAURANT AND BARS,EAT-IN RESTAURANT / CAFE,43.65309695,-79.398411
297 Augusta Ave,Smiles of Kensington Dental,Commercial Location,Dentists,Offices of Dentists,MEDICAL,DENTAL OFFICES,43.65644539,-79.40252301
297 College St,T&T Supermarket,Unknown,,,FOODSTUFFS,RAW FOODS & DRY GOODS,43.65719255,-79.40147029
299 Augusta Ave,299 Augusta Ave Inc,Commercial Location,Foods-Carry Out,Limited-Service Restaurants,RESTAURANT AND BARS,TAKE-OUT RESTAURANT,43.65648134,-79.40261891
29a St Andrew St,International Herbs Co,Commercial Location,,,RETAIL,SPECIALTY STORE,43.65402449,-79.40012993
29b St Andrew St,Yong Jewelry,,,,RETAIL,SPECIALTY STORE,,
2A Kensington Ave,El Rey Mezcal Bar,,Bars,Drinking Places (alcoholic Beverages),RESTAURANT AND BARS,BAR,43.6536552,-79.4002845
30 St Andrew St,Moonbean Coffee Company,Other Point of Interest,,,RESTAURANT AND BARS,EAT-IN RESTAURANT / CAFE,43.65427738,-79.40023204
300 Spadina Ave,Saigon Pharmacy,Commercial Location,,,MEDICAL,PHARMACY/MEDICAL SUPPLY,43.65320312,-79.39845515
302 Spadina Ave,emerge Pharmacy,Other Medical/Dental,Attorneys,Offices of Lawyers,MEDICAL,PHARMACY/MEDICAL SUPPLY,43.65335009,-79.39859335
302 Spadina Suite 507,CCNC Chinese Canadian National Council,,,,SOCIAL/COMMUNITY,COMMUNITY ASSOCIATION,,
303 Augusta Ave,Trinity Common,Commercial Location,Atm-Automated Teller Machines,Commercial Banking,RESTAURANT AND BARS,BAR,43.6565853,-79.4025782
309 Augusta Ave,Bikes on Wheels,Commercial Location,Bicycles-Dealers,Sporting Goods Retailers,RETAIL,SPECIALTY STORE,43.65676897,-79.40249799
310 Spadina Ave,ThinkData Works,Other Office Building,Business Management Consultants,"Process, Physical Distribution, and Logistics Cons",OFFICES,OFFICE SPACE,43.65343877,-79.39886095
310 Spadina Ave,Nomad,,Business Management Consultants,"Process, Physical Distribution, and Logistics Cons",RETAIL,SPECIALTY STORE,43.6535102,-79.3988191
311 Augusta Ave,Kensington Coin Laundry,Unknown,,,SERVICES,LAUNDROMAT/DRY CLEANERS,43.65677991,-79.40266222
317 College St,S&K Cleaners,Unknown,Cleaners,Drycleaning and Laundry Services (except Coin-Oper,SERVICES,LAUNDROMAT/DRY CLEANERS,43.65744156,-79.40187594
318 Spadina Ave,Shi MiaoDao Yunnan Rice Noodle,Other Point of Interest,,,RESTAURANT AND BARS,EAT-IN RESTAURANT / CAFE,43.65361345,-79.39872824
319 College St,The Beguiling,Unknown,Comic Books,Book Retailers and News Dealers,RETAIL,SPECIALTY STORE,43.65740422,-79.4020023
321 College St,The Beguiling,Unknown,,,RETAIL,SPECIALTY STORE,43.65739871,-79.40207592
322 Spadina Ave,Banh Mi Nguyen Huong,Other Point of Interest,Foods-Carry Out,Limited-Service Restaurants,FOODSTUFFS,BAKERY/PREPARED FOODS,43.65365727,-79.398747
323 College St,Little island Comics,Unknown,,,RETAIL,SPECIALTY STORE,43.65737906,-79.40215345
324 Spadina Ave,Great Mountain Ginseng,Other Point of Interest,Herbalists,All Other Miscellaneous Ambulatory Health Care Ser,MEDICAL,PHARMACY/MEDICAL SUPPLY,43.65369383,-79.39874442
326 Spadina Ave,Tech Zone,Other Point of Interest,,,RETAIL,OTHER,43.65374192,-79.3987608
326 Spadina Ave,Zhen Zhen Health Centre Inc.,,,,SERVICES,MASSAGE,43.6536559,-79.3986169
328 Spadina Ave,Dumpling House Restaurant,Other Point of Interest,Restaurants,Full-Service Restaurants,RESTAURANT AND BARS,EAT-IN RESTAURANT / CAFE,43.65377986,-79.39869535
33 Kensington Ave,Uncle Vintage,Mixed use,,,RETAIL,VINTAGE CLOTHING,43.65348616,-79.39989583
332 Spadina Ave,Ajisen Ramen,Unknown,Restaurants,Full-Service Restaurants,RESTAURANT AND BARS,EAT-IN RESTAURANT / CAFE,43.65386928,-79.39884012
333 College St,Avis Car Rental,Unknown,Automobile Renting,Passenger Car Rental,SERVICES,CAR RENTAL,43.65730782,-79.4024451
335 College St,House of Vapes,Unknown,,,RETAIL,VAPE,43.65729247,-79.40254529
336 Spadina Ave,You & Me Gift Shop,Other Point of Interest,,,RETAIL,DISCOUNT STORES,43.65395656,-79.39886297
337 College St,Mango Mango (sweet truths dessert shop),Unknown,,,RESTAURANT AND BARS,TAKE-OUT RESTAURANT,43.65727354,-79.40272438
338 Spadina Ave,Taste of China Seafood Restaurant,Other Point of Interest,Restaurants,Full-Service Restaurants,RESTAURANT AND BARS,EAT-IN RESTAURANT / CAFE,43.65400547,-79.39895242
339 College St,Sam's Food Stores,Unknown,Grocers-Retail,Supermarkets and Other Grocery Retailers (except C,RETAIL,CONVENIENCE STORE,43.65727694,-79.40260543
34 Kensington Ave,Space Vintage,Unknown,,,RETAIL,VINTAGE CLOTHING,43.65365396,-79.40055346
34 Oxford St,Kensington Manor,Community Housing,,,LODGING,OTHER,43.65690551,-79.40179379
340 Spadina Ave,Saigon Optical,Other Point of Interest,,,RETAIL,SPECIALTY STORE,43.65405503,-79.39888517
343 College St,Raxlen Pharmacy,Other Medical/Dental,Pharmacies,Pharmacies and Drug Retailers,MEDICAL,PHARMACY/MEDICAL SUPPLY,43.65712503,-79.40323399
346 Spadina Ave,Scott Mission,Commercial Location,,,SOCIAL/COMMUNITY,COMMUNITY ORGANIZATION,43.65414419,-79.3990813
347 Bathurst St,Western Union,,,,SERVICES,OTHER,,
347 College St,Augusta College Medical Centre,Unknown,,,MEDICAL,CLINIC,43.65707096,-79.40331889
349 College St,Nora Shawarma and Kebab,Unknown,,,RESTAURANT AND BARS,TAKE-OUT RESTAURANT,43.65707858,-79.40336661
349A College St,Pet Value,Unknown,,,RETAIL,SPECIALTY STORE,43.65705122,-79.40337294
35 Bellevue Ave,Green P Parking,Parking Lot,Parking Consultants,Parking Lots and Garages,SERVICES,OTHER,43.65425705,-79.4030739
35 Kensington Ave,Grant and Garbo; AuntThelma's Beauties and supplies,Other Point of Interest,,,RETAIL,VINTAGE CLOTHING,43.6535547,-79.39992096
350 Spadina Ave,Phở Hưng Restaurant,Unknown,Restaurants,Full-Service Restaurants,RESTAURANT AND BARS,EAT-IN RESTAURANT / CAFE,43.65445016,-79.39903044
351 College St,Osmow's Shawarma,Other Medical/Dental,Restaurants,Full-Service Restaurants,RESTAURANT AND BARS,EAT-IN RESTAURANT / CAFE,43.65714589,-79.40335974
352 Spadina Ave,Minh Chau Jewellery,Unknown,Jewelers-Retail,Jewelry Retailers,RETAIL,SPECIALTY STORE,43.65449562,-79.39904975
354 Spadina Ave,Forsure Chaoshan Beef Hotpot,Unknown,,,RESTAURANT AND BARS,EAT-IN RESTAURANT / CAFE,43.65454428,-79.39906357
355 College St,M-DO,Commercial Location,Auditoriums,Fitness and Recreational Sports Centers,SERVICES,GYM,43.65706229,-79.40355159
356 Spadina Ave,Great Kong Trading Inc.,Unknown,,,RETAIL,DISCOUNT STORES,43.65458609,-79.39907003
357 College St,The Planet Traveler Hostel,Commercial Location,Hostels,"Rooming and Boarding Houses, Dormitories, and Work",LODGING,HOTEL / HOSTEL,43.65704919,-79.40362177
358 Spadina Ave,Fudao Noodle House,Unknown,,,RESTAURANT AND BARS,EAT-IN RESTAURANT / CAFE,43.65461695,-79.3990919
36 St Andrew St,Kensington Fruit Market,Other Point of Interest,,,FOODSTUFFS,RAW FOODS & DRY GOODS,43.65427348,-79.40038813
360 Spadina Ave,Tap Phong Trading Company,Unknown,,,RETAIL,SPECIALTY STORE,43.65469719,-79.3992667
374 Spadina Ave,Rexall,Unknown,,,MEDICAL,PHARMACY/MEDICAL SUPPLY,43.65499301,-79.39924848
376 Spadina Ave,B&J Trading,Unknown,,,RETAIL,DISCOUNT STORES,43.65517892,-79.39932572
8 Kensington Ave,Tibetan Village Store; Lost Boys Vintage,Unknown,Attorneys,Offices of Lawyers,RETAIL,VINTAGE CLOTHING,43.65373981,-79.40059053
380 Spadina Ave,Uncle JacobCycle; S&H T's Inc. Wholesaler & Retailer,Unknown,,,RETAIL,SPECIALTY STORE,43.65523946,-79.39932868
382 Spadina Ave,Yeah Yeah Thai,Unknown,,,RESTAURANT AND BARS,EAT-IN RESTAURANT / CAFE,43.65529608,-79.39936992
384 Spadina Ave,Plaiter Place,Unknown,,,RETAIL,SPECIALTY STORE,43.6553292,-79.39936825
386 Spadina Ave,Creative Design,Unknown,,,RETAIL,DISCOUNT STORES,43.65536631,-79.399377
388 Spadina Ave,Rol San Restaurant,Unknown,,,RESTAURANT AND BARS,EAT-IN RESTAURANT / CAFE,43.65542476,-79.39939789
39 Kensington Ave,CUTLASS,Other Point of Interest,,,RETAIL,NEW CLOTHING,43.65363654,-79.39995962
390 Spadina Ave,Rol San Restaurant,Unknown,,,RESTAURANT AND BARS,EAT-IN RESTAURANT / CAFE,43.65547729,-79.39952901
392 Spadina Ave,Canadian Watch Imports - Sales & Service.,Unknown,Watches-Repairing,Other Personal and Household Goods Repair and Main,RETAIL,SPECIALTY STORE,43.65554626,-79.39946194
392 Spadina Ave unit 2,Bad Dog Comedy Studio,,,,ARTS & PERFORMANCE,ARTS ORGANIZATION SPACE,,
394 Spadina Ave,书亦烧仙草 shuyi tealicious,Unknown,Restaurants,Full-Service Restaurants,RESTAURANT AND BARS,TAKE-OUT RESTAURANT,43.65557654,-79.39947074
396 Spadina Ave,Printorium Toronto,Unknown,,,SERVICES,OTHER,43.65562573,-79.39948644
398 Spadina Ave,Cosmo Cafe | Bar,Unknown,Retail Shops,Department Stores,RESTAURANT AND BARS,EAT-IN RESTAURANT / CAFE,43.65567738,-79.3995171
399 Bathurst St,Toronto Western Hospital,"Hospital, Private and Public",Hospitals,General Medical and Surgical Hospitals,MEDICAL,HOSPITAL,43.65309479,-79.40568848
4 Kensington Ave,Hi Vintage,Other Point of Interest,,,RETAIL,VINTAGE CLOTHING,43.65291436,-79.40025747
40 Kensington Ave,Lola,Unknown,Restaurants,Full-Service Restaurants,RESTAURANT AND BARS,BAR,43.65378394,-79.40060381
400 Spadina Ave,Krispy Kreme,Unknown,Importers (whls),Other Miscellaneous Durable Goods Merchant Wholesa,RESTAURANT AND BARS,TAKE-OUT RESTAURANT,43.65589806,-79.39963165
401 College St,Kensington Community School - Primary,Public School - Primary,Child Care Service,Child Care Services,SOCIAL/COMMUNITY,EDUCATIONAL SPACE,43.6564064,-79.40573477
401 College St,Kensington Kids Early Learning Centre,Day Care,Child Care Service,Child Care Services,SOCIAL/COMMUNITY,EDUCATIONAL SPACE,43.6564064,-79.40573477
404 Spadina Ave,Elsa Fashions?,Unknown,Women's Apparel-Retail,Clothing and Clothing Accessories Retailers,RETAIL,NEW CLOTHING,43.65598924,-79.39966374
408 Spadina Ave,Cantex,Unknown,Clothing-Retail,Clothing and Clothing Accessories Retailers,RETAIL,SPECIALTY STORE,43.65604224,-79.39973358
409 College St,Slice of Life,Other Point of Interest,Graphic Designers,Graphic Design Services,RESTAURANT AND BARS,BAR,43.65641302,-79.40655206
409 College St,C&D Group Print Design,Unknown,Graphic Designers,Graphic Design Services,SERVICES,OTHER,43.65645435,-79.40658783
410 Spadina Ave,New Ho King,Unknown,Restaurants,Full-Service Restaurants,RESTAURANT AND BARS,EAT-IN RESTAURANT / CAFE,43.65611994,-79.39971661
411 College St,Toby's Pub & Eatery,Commercial Location,Restaurants,Full-Service Restaurants,RESTAURANT AND BARS,BAR,43.65639636,-79.40664248
412 Spadina Ave,Thai Country Kitchen,Unknown,Foods-Carry Out,Limited-Service Restaurants,RESTAURANT AND BARS,EAT-IN RESTAURANT / CAFE,43.65616149,-79.39972254
414b Spadina Ave,Daniel's Art Supplies,,,,RETAIL,SPECIALTY STORE,43.656211,-79.3996237
415 College St,TTB Trading Co. Ltd. Food Market and Hardware,Commercial Location,,,RETAIL,CONVENIENCE STORE,43.65637486,-79.40675542
416 Spadina Ave,Grandma's Kitchen,Unknown,,,RESTAURANT AND BARS,EAT-IN RESTAURANT / CAFE,43.65622177,-79.39980817
418 Spadina Ave,Canton Chilli,Unknown,,,RESTAURANT AND BARS,EAT-IN RESTAURANT / CAFE,43.65629049,-79.3997781
419 College St,Quetzal,Commercial Location,Attorneys,Offices of Lawyers,RESTAURANT AND BARS,EAT-IN RESTAURANT / CAFE,43.6563576,-79.40685449
419 College St,Fisch & Antonette,Commercial Location,Attorneys,Offices of Lawyers,RESTAURANT AND BARS,EAT-IN RESTAURANT / CAFE,43.6564704,-79.406875
42 Kensington Ave,Butterfly,Unknown,,,RETAIL,SPECIALTY STORE,43.65380709,-79.40060387
421 College St,Ramen Isshin,Other Point of Interest,Restaurants,Full-Service Restaurants,RESTAURANT AND BARS,EAT-IN RESTAURANT / CAFE,43.65634473,-79.40692968
422 Spadina Ave,DuoDuo Fruit Shop,Unknown,,,RESTAURANT AND BARS,TAKE-OUT RESTAURANT,43.65637081,-79.39980133
423 College St,Myst,Commercial Location,Restaurants,Full-Service Restaurants,RESTAURANT AND BARS,BAR,43.65631184,-79.40706626
426 Spadina Ave,Cotton Best,Unknown,Clothing-Wholesale,Clothing and Clothing Accessories Merchant Wholesa,RETAIL,DISCOUNT STORES,43.65646808,-79.39984667
428 Spadina Ave,FURONTO IMPEX,Unknown,,,RETAIL,DISCOUNT STORES,43.65653602,-79.39989843
429 College St,RBC Royal Bank,Other Office Building,,,SERVICES,OTHER,43.65629181,-79.40728803
430 Spadina Ave,FURONTO IMPEX,Unknown,Artists Materials & Supplies,All Other General Merchandise Retailers,RETAIL,DISCOUNT STORES,43.65656989,-79.39982711
430 Spadina Ave,Daniel's Art Supplies,Unknown,Artists Materials & Supplies,All Other General Merchandise Retailers,RETAIL,SPECIALTY STORE,43.65654552,-79.39980274
431 College St,Sneaky Dee's,Commercial Location,Restaurants,Full-Service Restaurants,RESTAURANT AND BARS,BAR,43.65624616,-79.40744518
438 Spadina Ave,Dragon World Trading,,Motorcycles & Motor Scooters-Dealers,"Motorcycle, Atv, and All Other Motor Vehicle Deale",RETAIL,DISCOUNT STORES,43.6568106,-79.4000327
438 Spadina Ave,JJ INTERNATIONAL,,Motorcycles & Motor Scooters-Dealers,"Motorcycle, Atv, and All Other Motor Vehicle Deale",RETAIL,DISCOUNT STORES,43.6568106,-79.4000327
438 Spadina Ave,Toronto Hair Care Inc.,Commercial Location,Motorcycles & Motor Scooters-Dealers,"Motorcycle, Atv, and All Other Motor Vehicle Deale",RETAIL,SPECIALTY STORE,43.65683396,-79.39998063
438 Spadina Ave,Emmo Ebikes Toronto - Sales & Service,,Motorcycles & Motor Scooters-Dealers,"Motorcycle, Atv, and All Other Motor Vehicle Deale",RETAIL,SPECIALTY STORE,43.6568106,-79.4000327
44 Kensington Ave,Wu Wei Coffee,Unknown,,,RESTAURANT AND BARS,TAKE-OUT RESTAURANT,43.65386257,-79.40064013
44 Kensington Ave,Crazy Loco Vintage,,,,RETAIL,VINTAGE CLOTHING,43.653863,-79.40048
440 Spadina Ave,A Szechuan Restaurant,Other Point of Interest,Restaurants,Full-Service Restaurants,RESTAURANT AND BARS,EAT-IN RESTAURANT / CAFE,43.6570035,-79.40005641
444 Spadina Ave,The Red Lounge,Other Point of Interest,Restaurants,Full-Service Restaurants,RESTAURANT AND BARS,BAR,43.65706631,-79.40000814
448 Spadina Ave,Gwartzman's Art Supplies,Other Point of Interest,Artists Materials & Supplies,All Other General Merchandise Retailers,RETAIL,SPECIALTY STORE,43.65715515,-79.40023389
450 Spadina Ave,Inkwonk,Commercial Location,Nonclassified Establishments,Unclassified Establishments,OFFICES,CO-WORKING SPACE,43.65722747,-79.40029331
456 Spadina Ave,Hometown Flavour,Other Point of Interest,,,RESTAURANT AND BARS,EAT-IN RESTAURANT / CAFE,43.65732431,-79.40031785
458 Spadina Ave,Subway,Other Point of Interest,Restaurants,Limited-Service Restaurants,RESTAURANT AND BARS,TAKE-OUT RESTAURANT,43.6574171,-79.40019901
46 Kensington Ave,Fong On Foods Ltd.,Unknown,,,FOODSTUFFS,RAW FOODS & DRY GOODS,43.65392125,-79.40064075
460 Spadina Ave,Honeymoon Dessert,Other Point of Interest,,,RESTAURANT AND BARS,EAT-IN RESTAURANT / CAFE,43.65746953,-79.40018498
462 Spadina Ave,Under the Neon Palm,Hotel,,,ARTS & PERFORMANCE,PERFORMANCE SPACE,43.65750969,-79.40024162
464 Spadina Ave,El Mocambo,Unknown,,,RESTAURANT AND BARS,BAR,43.65757917,-79.40020354
466 Spadina Ave,Spadina Smoke and Variety,Other Point of Interest,Variety Stores,All Other General Merchandise Retailers,RETAIL,CONVENIENCE STORE,43.65762619,-79.40028692
474 Spadina Ave,Rexall,Other Office Building,Pharmacies,Pharmacies and Drug Retailers,MEDICAL,PHARMACY/MEDICAL SUPPLY,43.65773103,-79.40037723
474 Spadina Ave,ATM,Other Office Building,Atm-Automated Teller Machines,Commercial Banking,SERVICES,OTHER,43.65773103,-79.40037723
48 Kensington Ave,Essence of Life,Unknown,,,FOODSTUFFS,RAW FOODS & DRY GOODS,43.65395527,-79.4006478
48 Oxford St,Scientific & Technical TRNSLTN,Unknown,Translators & Interpreters,Translation and Interpretation Services,SERVICES,OTHER,43.65645634,-79.40190313
48 Oxford St,Cez Inc,Unknown,Translators & Interpreters,Translation and Interpretation Services,SERVICES,OTHER,43.65645634,-79.40190313
49 Kensington Ave,Usato Kensington,mixecd use,,,RETAIL,VINTAGE CLOTHING,43.65386376,-79.40006988
50 Kensington Ave,Essence of Life,Other Point of Interest,Health & Diet Foods-Retail,Food (health) Supplement Retailers,FOODSTUFFS,RAW FOODS & DRY GOODS,43.65397723,-79.40075441
51 Kensington Ave,Tibet Café and Bar,Unknown,Restaurants,Full-Service Restaurants,RESTAURANT AND BARS,EAT-IN RESTAURANT / CAFE,43.65389751,-79.4000956
52 Kensington Ave,Essence of Life,Other Point of Interest,,,FOODSTUFFS,RAW FOODS & DRY GOODS,43.6540333,-79.40066728
526 W Dundas St,K-ONE KTV,Commercial Location,,,RESTAURANT AND BARS,BAR,43.65300725,-79.39890301
530 W Dundas St,8090Karaoke,Commercial Location,,,RESTAURANT AND BARS,BAR,43.6529859,-79.39899011
536 W Dundas St,聚鲜楼 KL KITCHEN CHINESE SEAFOOD CUISINE,Commercial Location,,,RESTAURANT AND BARS,EAT-IN RESTAURANT / CAFE,43.65295472,-79.39913569
538 W Dundas St,Banh Mi Ba Le,Other Point of Interest,,,RESTAURANT AND BARS,EAT-IN RESTAURANT / CAFE,43.652902,-79.39919406
54 Kensington Ave,KMCLT,Land Trust,,,SOCIAL/COMMUNITY,COMMUNITY ORGANIZATION,43.65412895,-79.40059952
542 W Dundas St,shinning gold import & export products,Commercial Location,,,RETAIL,SPECIALTY STORE,43.65294235,-79.39932206
544 W Dundas St,Heang's Hair Salon,Commercial Location,,,SERVICES,SALON,43.65293297,-79.39935561
546 W Dundas St,Kim Vietnamese Restaurant,Other Point of Interest,,,RESTAURANT AND BARS,EAT-IN RESTAURANT / CAFE,43.65285732,-79.39942929
548 W Dundas St,Heang's Hair Salon,Other Point of Interest,,,SERVICES,SALON,43.65284668,-79.39948837
548A W Dundas St,Toronto Hong Luck Kung Fu Association,Unknown,,,SOCIAL/COMMUNITY,COMMUNITY ASSOCIATION,43.65280541,-79.39948568
55 Kensington Ave,Lost Gen Vintage,Unknown,Restaurants,Full-Service Restaurants,RETAIL,VINTAGE CLOTHING,43.65397983,-79.40012995
560A W Dundas St,People's Hair Salon,Unknown,,,SERVICES,SALON,43.65269285,-79.39975266
562 W Dundas St,Super Serve,Other Point of Interest,,,RESTAURANT AND BARS,TAKE-OUT RESTAURANT,43.65274655,-79.40008859
564 W Dundas St,Win's Flowers,Other Point of Interest,,,RETAIL,SPECIALTY STORE,43.65272911,-79.40016671
568 W Dundas St,Chao Chow Association Of Ontario,Other Point of Interest,,,SOCIAL/COMMUNITY,COMMUNITY ASSOCIATION,43.65272911,-79.40026185
56 Kensington Ave,Brimz,,Apartments,Lessors of Residential Buildings and Dwellings,RETAIL,SPECIALTY STORE,43.6542262,-79.4006153
56 Kensington Ave,No Spot Vintage,Land Trust,Apartments,Lessors of Residential Buildings and Dwellings,RETAIL,VINTAGE CLOTHING,43.65416278,-79.4006124
56C Kensington Ave,The Arcade Tattoo,,,,SERVICES,TATTOO,43.6536552,-79.4002845
56D Kensington Ave,Kensington Variety,Other Point of Interest,,,RETAIL,CONVENIENCE STORE,43.65419099,-79.400624
574 W Dundas St,Pink House Dispensary,Other Point of Interest,,,RETAIL,CANNABIS,43.65268405,-79.40040355
576 W Dundas St,VAPE4CHANGE Toronto - Vape Shop,Other Point of Interest,,,RETAIL,VAPE,43.65261544,-79.40051696
578 W Dundas St,Vintage,Unknown,,,RETAIL,VINTAGE CLOTHING,43.652595,-79.40047238
580 W Dundas St,Beauty Salon/ Heng Salon,Other Point of Interest,,,SERVICES,SALON,43.65266131,-79.40059217
594 W Dundas St,Indo-East Trading,,,,RETAIL,VINTAGE CLOTHING,,
594 W Dundas St,Whippersnapper Gallery,Other Point of Interest,,,ARTS & PERFORMANCE,GALLERY,43.6524325,-79.40089194
6 St Andrew St,Saigon Lotus,Other Point of Interest,,,RESTAURANT AND BARS,EAT-IN RESTAURANT / CAFE,43.65449803,-79.39932654
602A W Dundas St,Honour Snack Bar,Unknown,,,RESTAURANT AND BARS,TAKE-OUT RESTAURANT,43.65239871,-79.40136182
61 Bellevue Ave,Kos Restaurant,Unknown,Restaurants,Full-Service Restaurants,RESTAURANT AND BARS,EAT-IN RESTAURANT / CAFE,43.65492511,-79.40333578
61 Kensington Ave,Rasta Pasta,Unknown,Restaurants,Full-Service Restaurants,RESTAURANT AND BARS,TAKE-OUT RESTAURANT,43.65429717,-79.40038429
618 W Dundas St,"African Drums And Arts Crafts, Inc",Other Point of Interest,,,RETAIL,SPECIALTY STORE,43.6523094,-79.40178672
62 Nassau St,Pera Cafe,Unknown,,,RESTAURANT AND BARS,EAT-IN RESTAURANT / CAFE,43.65540629,-79.40203529
626 W Dundas St,Kensington Automotive,Commercial Location,,,SERVICES,CAR RENTAL,43.65233033,-79.40208294
63 Kensington Ave,Rasta Pasta,Other Point of Interest,,,RESTAURANT AND BARS,EAT-IN RESTAURANT / CAFE,43.65430709,-79.40041761
638 W Dundas St,Greens Vegetarian Restaurant,Unknown,,,RESTAURANT AND BARS,EAT-IN RESTAURANT / CAFE,43.65207255,-79.40270929
64 Kensington Ave,Tutti Frutti Frozen Yogurt,Other Point of Interest,Yogurt,All Other Specialty Food Retailers,FOODSTUFFS,BAKERY/PREPARED FOODS,43.65436947,-79.40076449
64 Nassau St,Pera Cafe,Unknown,,,RESTAURANT AND BARS,EAT-IN RESTAURANT / CAFE,43.65547547,-79.40225257
64 Oxford St,The Cottage Cheese,Other Point of Interest,,,RESTAURANT AND BARS,EAT-IN RESTAURANT / CAFE,43.65620629,-79.40286718
640 W Dundas St,PARANOID Streetwear Store,Unknown,,,RETAIL,SPECIALTY STORE,43.6520663,-79.40275619
65 Kensington Ave,Rasta Pasta,Other Point of Interest,,,RESTAURANT AND BARS,EAT-IN RESTAURANT / CAFE,43.6543422,-79.40043056
65 Nassau St,Augusta Fruit Market Ltd,Unknown,Fruits & Vegetables-Wholesale,Fresh Fruit and Vegetable Merchant Wholesalers,FOODSTUFFS,RAW FOODS & DRY GOODS,43.6551865,-79.40189672
650 W Dundas St,Portugal Auto Garage,Commercial Location,,,SERVICES,OTHER,43.65213674,-79.40312622
66 Kensington Ave,Baazar Gift Shop,Other Point of Interest,,,RETAIL,SPECIALTY STORE,43.6544045,-79.40087286
66 Nassau St,Ozzy's Burgers Toronto,Commercial Location,Atm-Automated Teller Machines,Commercial Banking,RESTAURANT AND BARS,EAT-IN RESTAURANT / CAFE,43.65527269,-79.40269403
66 Nassau St,Creation Toronto Barbershop & Hair Studio,Other Point of Interest,Atm-Automated Teller Machines,Commercial Banking,SERVICES,SALON,43.65528163,-79.40265071
67 Kensington Ave,Kensington Leather Fashion,Other Point of Interest,,,RETAIL,SPECIALTY STORE,43.65438003,-79.40044538
674 W Dundas St,"Toronto. Shelter, Support And Housing Administration",Other Office Building,,,OFFICES,OFFICE SPACE,43.65197881,-79.40369147
68 Wales Ave,Made Rite Coffee,Other Point of Interest,,,RESTAURANT AND BARS,EAT-IN RESTAURANT / CAFE,43.65299689,-79.40411914
69 Kensington Ave,Sleepy Pete's,Other Point of Interest,,,RESTAURANT AND BARS,EAT-IN RESTAURANT / CAFE,43.65441514,-79.40045833
69 Nassau St,Paul's Boutique,Unknown,Atm-Automated Teller Machines,Commercial Banking,RETAIL,SPECIALTY STORE,43.65500872,-79.40264191
69 Oxford St,DayTrip - Magic Mushroom Dispensary,Unknown,Delivery Service,"General Freight Trucking, Local",RETAIL,MUSHROOMS,43.65593528,-79.40245235
69R Nassau St,Ronnie's Local 069,Unknown,,,RESTAURANT AND BARS,BAR,43.6549348,-79.4026545
56A Kensington Ave,Tibetan Village,,Caps & Hats-Retail,Clothing and Clothing Accessories Retailers,RETAIL,SPECIALTY STORE,43.6536552,-79.4002845
7 Kensington Ave,Dreamland Hair Salon,Other Point of Interest,,,SERVICES,SALON,43.65283382,-79.39974439
70 Kensington Ave,Vintage Depot,Other Point of Interest,Clothing-Used,Used Merchandise Retailers,RETAIL,VINTAGE CLOTHING,43.65445349,-79.40081034
71 Kensington Ave,71 Kensington,Other Point of Interest,,,RETAIL,DISCOUNT STORES,43.65449315,-79.40040717
71 Oxford St,Silver with attitude,,Physicians-Naturopathic,Offices of All Other Miscellaneous Health Practiti,RETAIL,SPECIALTY STORE,43.6559571,-79.4028675
71 Oxford St,Head To Toe Health Ctr,Unknown,Physicians-Naturopathic,Offices of All Other Miscellaneous Health Practiti,SERVICES,OTHER,43.655905,-79.40276094
71 Oxford St,Shiatsu With Ivan,Unknown,Massage Therapists,Other Personal Care Services,SERVICES,MASSAGE,43.655905,-79.40276094
72 Kensington Ave,Seven Lives Tacos y Mariscos,Other Point of Interest,,,RESTAURANT AND BARS,EAT-IN RESTAURANT / CAFE,43.65448892,-79.40083069
73 Kensington Ave,TribalEye,Other Point of Interest,Barbers,Barber Shops,RETAIL,SPECIALTY STORE,43.65451438,-79.40048922
75 Kensington Ave,Locsdoc,Mixed use,,,SERVICES,SALON,43.65462299,-79.40049918
75 Nassau St,Harmony Cafe,Unknown,,,RESTAURANT AND BARS,EAT-IN RESTAURANT / CAFE,43.65494691,-79.40289387
76 Kensington Ave,Global Cheese Shoppe,Other Point of Interest,Caterers,Caterers,FOODSTUFFS,RAW FOODS & DRY GOODS,43.65455414,-79.40092724
77 Kensington Ave,Kensington Blaze District,Unknown,Jewelers-Retail,Jewelry Retailers,RETAIL,CANNABIS,43.65469843,-79.40052004
77 Nassau St,Wheels 4 Rent,,Automobile Renting,Passenger Car Rental,SERVICES,OTHER,43.654941,-79.4030477
79 Kensington Ave,Dirty Bird Chicken + Waffles,Unknown,Restaurants,Full-Service Restaurants,RESTAURANT AND BARS,EAT-IN RESTAURANT / CAFE,43.65475755,-79.40040807
79 Nassau St,Bristol Car Rental and Truck Rental Toronto,Unknown,,,SERVICES,OTHER,43.65485345,-79.40289527
8 Oxford St,Emmo Inc,Unknown,Motorcycles & Motor Scooters-Dealers,"Motorcycle, Atv, and All Other Motor Vehicle Deale",RETAIL,SPECIALTY STORE,43.65678635,-79.40018736
8 St Andrew St,Ka Chi Korean Restaurant,Other Point of Interest,,,RESTAURANT AND BARS,EAT-IN RESTAURANT / CAFE,43.65448121,-79.39936867
82 Nassau St,Hardboiled Inc. Custom T-shirt Printing and Promotional Items,Unknown,T-Shirts-Wholesale,Clothing and Clothing Accessories Merchant Wholesa,RETAIL,SPECIALTY STORE,43.65524594,-79.40326167
84 Nassau St,I Deal Coffee,Unknown,Coffee & Tea Products-Manufacturers,Coffee and Tea Manufacturing,RESTAURANT AND BARS,EAT-IN RESTAURANT / CAFE,43.65518766,-79.40331186
86 Nassau St,Yarns Untangled,Commercial Location,Yarn-Retail,"Sewing, Needlework, and Piece Goods Retailers",RETAIL,SPECIALTY STORE,43.65512995,-79.40341965
86 Oxford St,The holiday house,Unknown,,,LODGING,SHORT TERM RENTAL,43.65620111,-79.40435679
88 Nassau St,SAMARA Contemporary,Commercial Location,,,ARTS & PERFORMANCE,GALLERY,43.65514094,-79.40335977
90 Nassau St,The Honeybea Shop,Unknown,,,RETAIL,VINTAGE CLOTHING,43.65502787,-79.40392202
91 Bellevue Ave,St. Stephen's Community House,Community/Assembly Hall,Social Service & Welfare Organizations,Other Individual and Family Services,SOCIAL/COMMUNITY,HOUSE OF WORSHIP,43.65626872,-79.40384351
91 Oxford St,Precision Vacuum Products Ltd,Unknown,Packaging Service,Packaging and Labeling Services,RETAIL,SPECIALTY STORE,43.65575219,-79.4036048
94 Oxford St,Parking lot,Unknown,,,,,43.65587748,-79.40495205
95 Bellevue Ave,Westside Montessori School - Private Primary,Public School - Primary,,,SOCIAL/COMMUNITY,EDUCATIONAL SPACE,43.65645832,-79.40384267
570 Dundas St W,Bright Eyes Optical,,Opticians,Optical Goods Retailers,SERVICES,OTHER,43.6525487,-79.4002866
568 Dundas St W,Chaeo Chow Assn-Eastern Canada,,Associations,Business Associations,SOCIAL/COMMUNITY,COMMUNITY ASSOCIATION,43.6525608,-79.4002297
548 Dundas St W,Hong Luck Kung Fu Club,,Martial Arts Instruction,Sports and Recreation Instruction,SOCIAL/COMMUNITY,COMMUNITY ASSOCIATION,43.6529229,-79.3985237
546 Dundas St W,Kim Vietnamese Restaurant Ltd,,Restaurants,Full-Service Restaurants,RESTAURANT AND BARS,EAT-IN RESTAURANT / CAFE,43.6529267,-79.398509
312 Spadina Ave,Lam Peter T Assoc,,Immigration & Naturalization Services,Offices of Lawyers,SERVICES,OTHER,43.6533825,-79.3985179
650 Dundas St W,Portugal Auto Garage,,Automobile Repairing & Service,General Automotive Repair,SERVICES,OTHER,43.651971,-79.40304
330-340 College St,Raxlen Associates,,Physicians & Surgeons,Offices of Physicians (except Mental Health Specia,MEDICAL,PHARMACY/MEDICAL SUPPLY,43.6572998,-79.4034527
564 Dundas St W,Win's Flowers,,Florists-Retail,Florists,RETAIL,SPECIALTY STORE,43.6525989,-79.4000984
674 Dundas St W,Women's Residence,,Hostels,"Rooming and Boarding Houses, Dormitories, and Work",LODGING,SHELTER,43.6518512,-79.4036296
1-438 Spadina Ave,Toronto Hair Care Inc,,Beauty Salons,Beauty Salons,SERVICES,SALON,43.6569426,-79.3999368
452 Spadina Ave,A & C Video Games,,Video Games,Electronics and Appliance Retailers,RETAIL,SPECIALTY STORE,43.6572144,-79.4000988
666 Dundas St W,Buddha's Vegetarian Foods,,Restaurants,Full-Service Restaurants,RESTAURANT AND BARS,EAT-IN RESTAURANT / CAFE,43.6519309,-79.4035047
310-340 College St,Albert Li OD,,Optometrists OD,Offices of Optometrists,MEDICAL,MEDICAL OFFICES,43.6572998,-79.4034527
378 Spadina Ave,B & J Trading Co,,Gift Shops,"Gift, Novelty, and Souvenir Retailers",RETAIL,DISCOUNT STORES,43.6552505,-79.399271
69 1/2 Nassau St,Paul's Boutique,,Musical Instruments-Dealers,Musical Instrument and Supplies Retailers,RETAIL,SPECIALTY STORE,43.6555334,-79.4008055
2-284 College St,Media Headquarters Film & TV,,Entertainment Bureaus,Other Performing Arts Companies,SERVICES,OTHER,43.6578562,-79.400742
538 Dundas St W,Banh Mi Bale,,Restaurants,Full-Service Restaurants,RESTAURANT AND BARS,TAKE-OUT RESTAURANT,43.6529419,-79.3984502
280 Augusta Ave,Synergy,,Nonclassified Establishments,Unclassified Establishments,MEDICAL,CLINIC,43.6568391,-79.4033338
2-707 Dundas St W,Alexandra Park Learn Ctr,,Education Centers,Educational Support Services,SOCIAL/COMMUNITY,EDUCATIONAL SPACE,43.6519365,-79.4043572
201-302 Spadina Ave,Bluestone Denture Clinic,,Denturists,Dental Laboratories,MEDICAL,DENTAL OFFICES,43.6533451,-79.3986434
240-340 College St,W K Cheng MD,,Physicians & Surgeons,Offices of Physicians (except Mental Health Specia,MEDICAL,MEDICAL OFFICES,43.6572998,-79.4034527
3-399 Bathurst St,Altum Health,,Health Care Management,Administrative Management and General Management C,MEDICAL,HOSPITAL,43.6532984,-79.4064188
449 Bathurst St,Susan Tarlo MD,,Physicians & Surgeons,Offices of Physicians (except Mental Health Specia,MEDICAL,MEDICAL OFFICES,43.6550211,-79.4069323
6-145 Augusta Ave,Polyester Studio,,Computer Graphics,Custom Computer Programming Services,SERVICES,OTHER,43.6530778,-79.4014355
2-326 Spadina Ave,Zhen Zhen Health Ctr,,Spas-Beauty & Day,Beauty Salons,SERVICES,SALON,43.6536491,-79.3984188
530 Dundas St W,Toronto Employment-Social Svc,,Government Offices-City/Village & Twp,Legislative Bodies,SERVICES,OTHER,43.6529572,-79.3983913
638 Dundas St W,Greens Vegetarian,,Restaurants,Full-Service Restaurants,RESTAURANT AND BARS,EAT-IN RESTAURANT / CAFE,43.6520572,-79.4026408
570 Dundas St W,Royal Denture Clinic,,Denturists,Dental Laboratories,MEDICAL,DENTAL OFFICES,43.6525487,-79.4002866
200-91 Oxford St,Normative Design Inc,,Software/Application/Platform Publishing,Software Publishers,SERVICES,OTHER,43.6559632,-79.4033226
206-250 Augusta Ave,Guy Who Fixes Computers,,Computers-Service & Repair,Electronic and Precision Equipment Repair and Main,SERVICES,OTHER,43.6555725,-79.4028644
Toronto Western Hospital,K W Marshall Dr,,Physicians & Surgeons,Offices of Physicians (except Mental Health Specia,MEDICAL,HOSPITAL,43.653567,-79.405496
310-310 College St,Business Development Bank,,Banks,Commercial Banking,SERVICES,OTHER,43.6572998,-79.4034527
2-292 Spadina Ave,Spandina Dental,,Dentists,Offices of Dentists,Offices of Dentists,DENTAL OFFICES,43.6536491,-79.3984188
60 Kensington Ave,ATM,,Atm-Automated Teller Machines,Commercial Banking,SERVICES,OTHER,43.6543073,-79.4006467
430 1/2 College St,Taste of Shawarma,,Restaurants,Full-Service Restaurants,RESTAURANT AND BARS,EAT-IN RESTAURANT / CAFE,43.6565888,-79.4070912
1-91 Oxford St,Enginess,,Website Design Service,Computer Systems Design Services,SERVICES,OTHER,43.6559632,-79.4033226
319 Augusta Ave,Templeton's Cafe,,Restaurants,Full-Service Restaurants,RESTAURANT AND BARS,EAT-IN RESTAURANT / CAFE,43.6569964,-79.402845
330-340 College St,Dr Le Duc,,Optometrists OD,Offices of Optometrists,MEDICAL,MEDICAL OFFICES,43.6572998,-79.4034527
22-419 College St,Fisch & Antonette,,Attorneys,Offices of Lawyers,SERVICES,OTHER,43.6565888,-79.4070912
66 1/2 Nassau St,Ozzy's Burgers,,Restaurants,Full-Service Restaurants,RESTAURANT AND BARS,EAT-IN RESTAURANT / CAFE,43.6549694,-79.4036448
201-294 Spadina Ave,Nguyen Van Nguu,,Dentists,Offices of Dentists,MEDICAL,DENTAL OFFICES,43.6536491,-79.3984188
5-707 Dundas St W,Matchbox Tattoo Co Inc,,Tattooing,Other Personal Care Services,SERVICES,TATTOO,43.6519365,-79.4043572
102 Bellevue Ave,Kensington Suites,,Hotels & Motels,Hotels (except Casino Hotels) and Motels,LODGING,HOTEL / HOSTEL,43.6560953,-79.4042335
2-301 Augusta Ave,Bluebird Laser Hair Removal,,Hair Removing,Other Personal Care Services,SERVICES,SALON,43.6562916,-79.4027371
3-574 Dundas St W,Ben Dundas Cinematography,,Video Production & Taping Service,Motion Picture and Video Production,SERVICES,OTHER,43.6522359,-79.4013213